"samplesize","run","Predictors","TPR","TNR","Accuracy","AUC","Concordance","Predictors"
15000,1,23,0.775866666666667,0.622666666666667,0.699266666666667,0.762152248888891,0.762151626666667,c("Time_since_acquisition", "percent_disc_last_6_mth", "ratio_rev_rewd_12mth", "per_elec_comm", "Time_Since_last_Retail_purchase", "num_em_campaign", "disc_ats", "num_units_6mth", "Time_Since_last_Onl_purchase", "ratio_disc_non_disc_ats", "num_disc_comm_responded", "on_sales_rev_ratio_12mth", "ratio_rev_wo_rewd_12mth", "card_status", "pct_off_hit_ind_tot", "ratio_order_units_6_12_mth", "gp_hit_ind_tot", "on_gp_net_sales_ratio", "clearance_hit_ind_tot", "num_order_num_last_6_mth", "purchased", "br_hit_ind_tot"
)
15000,2,22,0.7724,0.6436,0.708,0.775874195555555,0.775873848888889,c("Time_since_acquisition", "percent_disc_last_6_mth", "non_disc_ats", "ratio_rev_rewd_12mth", "per_elec_comm", "Time_Since_last_Retail_purchase", "num_em_campaign", "ratio_order_6_12_mth", "Time_Since_last_Onl_purchase", "ratio_disc_non_disc_ats", "num_disc_comm_responded", "on_sales_rev_ratio_12mth", "card_status", "pct_off_hit_ind_tot", "ratio_order_units_6_12_mth", "gp_hit_ind_tot", "clearance_hit_ind_tot", "purchased", "br_hit_ind_tot", "on_go_net_sales_ratio", "on_bf_net_sales_ratio")
15000,3,19,0.783333333333333,0.636933333333333,0.710133333333333,0.769246888888884,0.769239342222222,c("percent_disc_last_6_mth", "ratio_rev_rewd_12mth", "per_elec_comm", "Time_Since_last_Retail_purchase", "num_em_campaign", "num_units_6mth", "Time_Since_last_Onl_purchase", "ratio_disc_non_disc_ats", "num_disc_comm_responded", "on_sales_rev_ratio_12mth", "card_status", "ratio_order_units_6_12_mth", "gp_hit_ind_tot", "clearance_hit_ind_tot", "purchased", "br_hit_ind_tot", "on_br_sales_ratio", "total_plcc_cards")
15000,4,22,0.786133333333333,0.637333333333333,0.711733333333333,0.772740862222219,0.772739822222222,c("Time_since_acquisition", "percent_disc_last_6_mth", "ratio_rev_rewd_12mth", "per_elec_comm", "Time_Since_last_Retail_purchase", "num_em_campaign", "num_units_6mth", "Time_Since_last_Onl_purchase", "num_disc_comm_responded", "on_sales_rev_ratio_12mth", "card_status", "pct_off_hit_ind_tot", "ratio_order_units_6_12_mth", "gp_hit_ind_tot", "clearance_hit_ind_tot", "num_order_num_last_6_mth", "purchased", "br_hit_ind_tot", "at_hit_ind_tot", "on_bf_net_sales_ratio", "markdown_hit_ind_tot")
15000,5,17,0.779066666666667,0.6408,0.709933333333333,0.774740355555554,0.774736871111111,c("Time_since_acquisition", "percent_disc_last_6_mth", "ratio_rev_rewd_12mth", "per_elec_comm", "num_em_campaign", "Time_Since_last_Onl_purchase", "ratio_disc_non_disc_ats", "on_sales_rev_ratio_12mth", "time_since_last_disc_purchase", "card_status", "ratio_order_units_6_12_mth", "gp_hit_ind_tot", "clearance_hit_ind_tot", "num_order_num_last_6_mth", "purchased", "br_hit_ind_tot")
16000,1,24,0.785625,0.6385,0.7120625,0.776227617187499,0.77622621875,c("Time_since_acquisition", "percent_disc_last_6_mth", "ratio_rev_rewd_12mth", "per_elec_comm", "avg_order_amt_last_6_mth", "num_em_campaign", "disc_ats", "num_units_6mth", "Time_Since_last_Onl_purchase", "ratio_disc_non_disc_ats", "num_disc_comm_responded", "on_sales_rev_ratio_12mth", "ratio_rev_wo_rewd_12mth", "on_sales_item_rev_12mth", "time_since_last_disc_purchase", "card_status", "ratio_order_units_6_12_mth", "gp_hit_ind_tot", "clearance_hit_ind_tot", "purchased", "br_hit_ind_tot", "factory_hit_ind_tot", 
"markdown_hit_ind_tot")
16000,2,22,0.778625,0.642875,0.71075,0.776122218750001,0.77612221875,c("Time_since_acquisition", "percent_disc_last_6_mth", "non_disc_ats", "ratio_rev_rewd_12mth", "per_elec_comm", "avg_order_amt_last_6_mth", "Time_Since_last_Retail_purchase", "num_em_campaign", "disc_ats", "num_units_6mth", "Time_Since_last_Onl_purchase", "num_disc_comm_responded", "on_sales_rev_ratio_12mth", "card_status", "ratio_order_units_6_12_mth", "gp_hit_ind_tot", "clearance_hit_ind_tot", "purchased", "br_hit_ind_tot", "on_br_sales_ratio", "markdown_hit_ind_tot")
16000,3,23,0.776625,0.635125,0.705875,0.776986835937505,0.776986828125,c("Time_since_acquisition", "percent_disc_last_6_mth", "non_disc_ats", "ratio_rev_rewd_12mth", "per_elec_comm", "num_em_campaign", "num_units_6mth", "Time_Since_last_Onl_purchase", "ratio_disc_non_disc_ats", "num_disc_comm_responded", "on_sales_rev_ratio_12mth", "card_status", "ratio_order_units_6_12_mth", "gp_hit_ind_tot", "clearance_hit_ind_tot", "num_order_num_last_6_mth", "purchased", "br_hit_ind_tot", "on_go_net_sales_ratio", "at_hit_ind_tot", "on_bf_net_sales_ratio", "searchdex_ind_tot")
16000,4,22,0.776375,0.639125,0.70775,0.772071960937508,0.772071359375,c("Time_since_acquisition", "percent_disc_last_6_mth", "ratio_rev_rewd_12mth", "per_elec_comm", "avg_order_amt_last_6_mth", "Time_Since_last_Retail_purchase", "num_em_campaign", "disc_ats", "num_units_6mth", "Time_Since_last_Onl_purchase", "ratio_disc_non_disc_ats", "num_disc_comm_responded", "on_sales_rev_ratio_12mth", "card_status", "mobile_ind_tot", "ratio_order_units_6_12_mth", "gp_hit_ind_tot", "on_gp_net_sales_ratio", "clearance_hit_ind_tot", "purchased", "br_hit_ind_tot")
16000,5,21,0.782125,0.634375,0.70825,0.768706195312501,0.768704890625,c("Time_since_acquisition", "percent_disc_last_6_mth", "ratio_rev_rewd_12mth", "per_elec_comm", "num_em_campaign", "num_units_6mth", "Time_Since_last_Onl_purchase", "num_disc_comm_responded", "on_sales_rev_ratio_12mth", "ratio_rev_wo_rewd_12mth", "time_since_last_disc_purchase", "card_status", "ratio_order_units_6_12_mth", "gp_hit_ind_tot", "clearance_hit_ind_tot", "purchased", "br_hit_ind_tot", "on_go_net_sales_ratio", "on_br_sales_ratio", "factory_hit_ind_tot")
17000,1,21,0.776352941176471,0.636352941176471,0.706352941176471,0.770434733564012,0.770185785467128,c("percent_disc_last_6_mth", "ratio_rev_rewd_12mth", "per_elec_comm", "num_em_campaign", "disc_ats", "num_units_6mth", "Time_Since_last_Onl_purchase", "ratio_disc_non_disc_ats", "num_disc_comm_responded", "on_sales_rev_ratio_12mth", "time_since_last_disc_purchase", "card_status", "num_dist_catg_purchased", "on_gp_net_sales_ratio", "clearance_hit_ind_tot", "num_order_num_last_6_mth", "purchased", "br_hit_ind_tot", "on_go_net_sales_ratio", "on_bf_net_sales_ratio")
17000,2,21,0.773529411764706,0.638235294117647,0.705882352941177,0.768193778546711,0.768191529411765,c("Time_since_acquisition", "percent_disc_last_6_mth", "ratio_rev_rewd_12mth", "per_elec_comm", "num_em_campaign", "num_units_6mth", "Time_Since_last_Onl_purchase", "ratio_disc_non_disc_ats", "num_disc_comm_responded", "on_sales_rev_ratio_12mth", "on_sales_item_rev_12mth", "card_status", "mobile_ind_tot", "pct_off_hit_ind_tot", "ratio_order_units_6_12_mth", "on_gp_net_sales_ratio", "clearance_hit_ind_tot", "num_order_num_last_6_mth", "purchased", "on_go_net_sales_ratio")
17000,3,24,0.784705882352941,0.634117647058824,0.709411764705882,0.773031162629752,0.773029508650519,c("Time_since_acquisition", "percent_disc_last_6_mth", "ratio_rev_rewd_12mth", "per_elec_comm", "Time_Since_last_Retail_purchase", "num_em_campaign", "disc_ats", "ratio_order_6_12_mth", "Time_Since_last_Onl_purchase", "ratio_disc_non_disc_ats", "num_disc_comm_responded", "ratio_rev_wo_rewd_12mth", "on_sales_item_rev_12mth", "card_status", "pct_off_hit_ind_tot", "ratio_order_units_6_12_mth", "gp_hit_ind_tot", "clearance_hit_ind_tot", "num_order_num_last_6_mth", "purchased", "br_hit_ind_tot", "total_plcc_cards", 
"factory_hit_ind_tot")
17000,4,25,0.781529411764706,0.620588235294118,0.701058823529412,0.768253847750866,0.768253785467128,c("percent_disc_last_6_mth", "non_disc_ats", "ratio_rev_rewd_12mth", "per_elec_comm", "Time_Since_last_Retail_purchase", "num_em_campaign", "num_units_6mth", "Time_Since_last_Onl_purchase", "ratio_disc_non_disc_ats", "num_disc_comm_responded", "on_sales_rev_ratio_12mth", "time_since_last_disc_purchase", "card_status", "num_dist_catg_purchased", "ratio_order_units_6_12_mth", "gp_hit_ind_tot", "on_gp_net_sales_ratio", "clearance_hit_ind_tot", "num_order_num_last_6_mth", "purchased", "br_hit_ind_tot", 
"on_br_sales_ratio", "total_plcc_cards", "on_bf_net_sales_ratio")
17000,5,22,0.777411764705882,0.631647058823529,0.704529411764706,0.76935478200692,0.76935475432526,c("Time_since_acquisition", "percent_disc_last_6_mth", "non_disc_ats", "ratio_rev_rewd_12mth", "per_elec_comm", "Time_Since_last_Retail_purchase", "num_em_campaign", "num_units_6mth", "Time_Since_last_Onl_purchase", "num_disc_comm_responded", "on_sales_rev_ratio_12mth", "time_since_last_disc_purchase", "card_status", "pct_off_hit_ind_tot", "ratio_order_units_6_12_mth", "on_gp_net_sales_ratio", "clearance_hit_ind_tot", "num_order_num_last_6_mth", "purchased", "br_hit_ind_tot", "searchdex_ind_tot")
18000,1,27,0.777222222222222,0.644111111111111,0.710666666666667,0.773205580246908,0.77320450617284,c("Time_since_acquisition", "percent_disc_last_6_mth", "ratio_rev_rewd_12mth", "per_elec_comm", "avg_order_amt_last_6_mth", "Time_Since_last_Retail_purchase", "num_em_campaign", "disc_ats", "Time_Since_last_Onl_purchase", "ratio_disc_non_disc_ats", "num_disc_comm_responded", "on_sales_rev_ratio_12mth", "ratio_rev_wo_rewd_12mth", "time_since_last_disc_purchase", "card_status", "mobile_ind_tot", "pct_off_hit_ind_tot", "ratio_order_units_6_12_mth", "gp_hit_ind_tot", "on_gp_net_sales_ratio", "clearance_hit_ind_tot", 
"purchased", "br_hit_ind_tot", "total_plcc_cards", "on_bf_net_sales_ratio", "markdown_hit_ind_tot")
18000,2,23,0.773888888888889,0.628888888888889,0.701388888888889,0.768219895061731,0.768218839506173,c("Time_since_acquisition", "percent_disc_last_6_mth", "ratio_rev_rewd_12mth", "per_elec_comm", "Time_Since_last_Retail_purchase", "num_em_campaign", "disc_ats", "num_units_6mth", "Time_Since_last_Onl_purchase", "num_disc_comm_responded", "on_sales_rev_ratio_12mth", "card_status", "ratio_order_units_6_12_mth", "gp_hit_ind_tot", "clearance_hit_ind_tot", "num_order_num_last_6_mth", "purchased", "br_hit_ind_tot", "on_br_sales_ratio", "searchdex_ind_tot", "factory_hit_ind_tot", "markdown_hit_ind_tot"
)
18000,3,24,0.780666666666667,0.621777777777778,0.701222222222222,0.768558746913581,0.767938111111111,c("percent_disc_last_6_mth", "ratio_rev_rewd_12mth", "per_elec_comm", "num_em_campaign", "disc_ats", "num_units_6mth", "Time_Since_last_Onl_purchase", "ratio_disc_non_disc_ats", "num_disc_comm_responded", "on_sales_rev_ratio_12mth", "time_since_last_disc_purchase", "card_status", "pct_off_hit_ind_tot", "ratio_order_units_6_12_mth", "gp_hit_ind_tot", "clearance_hit_ind_tot", "num_order_num_last_6_mth", "purchased", "br_hit_ind_tot", "on_go_net_sales_ratio", "on_bf_net_sales_ratio", "searchdex_ind_tot", 
"factory_hit_ind_tot")
18000,4,23,0.773555555555556,0.628444444444444,0.701,0.765233962962964,0.764737913580247,c("percent_disc_last_6_mth", "ratio_rev_rewd_12mth", "per_elec_comm", "num_em_campaign", "disc_ats", "num_units_6mth", "ratio_order_6_12_mth", "Time_Since_last_Onl_purchase", "ratio_disc_non_disc_ats", "num_disc_comm_responded", "on_sales_rev_ratio_12mth", "time_since_last_disc_purchase", "card_status", "pct_off_hit_ind_tot", "ratio_order_units_6_12_mth", "gp_hit_ind_tot", "on_gp_net_sales_ratio", "clearance_hit_ind_tot", "num_order_num_last_6_mth", "purchased", "factory_hit_ind_tot", "markdown_hit_ind_tot"
)
18000,5,24,0.778,0.628777777777778,0.703388888888889,0.770125043209874,0.770123962962963,c("Time_since_acquisition", "percent_disc_last_6_mth", "ratio_rev_rewd_12mth", "per_elec_comm", "Time_Since_last_Retail_purchase", "num_em_campaign", "num_units_6mth", "ratio_order_6_12_mth", "Time_Since_last_Onl_purchase", "num_disc_comm_responded", "on_sales_rev_ratio_12mth", "ratio_rev_wo_rewd_12mth", "on_sales_item_rev_12mth", "card_status", "pct_off_hit_ind_tot", "ratio_order_units_6_12_mth", "gp_hit_ind_tot", "clearance_hit_ind_tot", "num_order_num_last_6_mth", "purchased", "br_hit_ind_tot", 
"total_plcc_cards", "on_bf_net_sales_ratio")
19000,1,21,0.781052631578947,0.635263157894737,0.708157894736842,0.772520299168977,0.772520299168975,c("Time_since_acquisition", "percent_disc_last_6_mth", "non_disc_ats", "ratio_rev_rewd_12mth", "per_elec_comm", "avg_order_amt_last_6_mth", "Time_Since_last_Retail_purchase", "num_em_campaign", "disc_ats", "num_units_6mth", "Time_Since_last_Onl_purchase", "num_disc_comm_responded", "on_sales_rev_ratio_12mth", "card_status", "ratio_order_units_6_12_mth", "gp_hit_ind_tot", "clearance_hit_ind_tot", "num_order_num_last_6_mth", "purchased", "markdown_hit_ind_tot")
19000,2,23,0.774842105263158,0.627789473684211,0.701315789473684,0.76338895844875,0.763388952908587,c("Time_since_acquisition", "percent_disc_last_6_mth", "non_disc_ats", "ratio_rev_rewd_12mth", "per_elec_comm", "avg_order_amt_last_6_mth", "num_em_campaign", "disc_ats", "num_units_6mth", "Time_Since_last_Onl_purchase", "ratio_disc_non_disc_ats", "num_disc_comm_responded", "on_sales_rev_ratio_12mth", "time_since_last_disc_purchase", "card_status", "mobile_ind_tot", "ratio_order_units_6_12_mth", "clearance_hit_ind_tot", "num_order_num_last_6_mth", "purchased", "br_hit_ind_tot", "on_br_sales_ratio"
)
19000,3,23,0.785052631578947,0.634315789473684,0.709684210526316,0.773176786703602,0.773176786703601,c("percent_disc_last_6_mth", "non_disc_ats", "ratio_rev_rewd_12mth", "per_elec_comm", "avg_order_amt_last_6_mth", "Time_Since_last_Retail_purchase", "num_em_campaign", "disc_ats", "num_units_6mth", "Time_Since_last_Onl_purchase", "num_disc_comm_responded", "on_sales_rev_ratio_12mth", "time_since_last_disc_purchase", "card_status", "pct_off_hit_ind_tot", "ratio_order_units_6_12_mth", "gp_hit_ind_tot", "purchased", "br_hit_ind_tot", "on_go_net_sales_ratio", "on_bf_net_sales_ratio", "searchdex_ind_tot"
)
19000,4,21,0.774421052631579,0.632,0.70321052631579,0.772068925207757,0.772068753462604,c("percent_disc_last_6_mth", "non_disc_ats", "ratio_rev_rewd_12mth", "per_elec_comm", "avg_order_amt_last_6_mth", "Time_Since_last_Retail_purchase", "num_em_campaign", "num_units_6mth", "Time_Since_last_Onl_purchase", "num_disc_comm_responded", "on_sales_rev_ratio_12mth", "time_since_last_disc_purchase", "card_status", "pct_off_hit_ind_tot", "num_dist_catg_purchased", "ratio_order_units_6_12_mth", "gp_hit_ind_tot", "purchased", "br_hit_ind_tot", "at_hit_ind_tot")
19000,5,20,0.77978947368421,0.635368421052632,0.707578947368421,0.773131750692518,0.773125085872576,c("percent_disc_last_6_mth", "ratio_rev_rewd_12mth", "per_elec_comm", "avg_order_amt_last_6_mth", "Time_Since_last_Retail_purchase", "num_em_campaign", "disc_ats", "Time_Since_last_Onl_purchase", "ratio_disc_non_disc_ats", "num_disc_comm_responded", "on_sales_rev_ratio_12mth", "card_status", "ratio_order_units_6_12_mth", "gp_hit_ind_tot", "clearance_hit_ind_tot", "purchased", "at_hit_ind_tot", "searchdex_ind_tot", "factory_hit_ind_tot")
20000,1,23,0.7756,0.6274,0.7015,0.763456584999998,0.76345463,c("percent_disc_last_6_mth", "ratio_rev_rewd_12mth", "per_elec_comm", "Time_Since_last_Retail_purchase", "num_em_campaign", "disc_ats", "num_units_6mth", "Time_Since_last_Onl_purchase", "ratio_disc_non_disc_ats", "num_disc_comm_responded", "card_status", "mobile_ind_tot", "num_dist_catg_purchased", "ratio_order_units_6_12_mth", "gp_hit_ind_tot", "on_gp_net_sales_ratio", "clearance_hit_ind_tot", "num_order_num_last_6_mth", "purchased", "br_hit_ind_tot", "at_hit_ind_tot", "factory_hit_ind_tot")
20000,2,23,0.7836,0.6337,0.70865,0.769364849999996,0.76936252,c("percent_disc_last_6_mth", "ratio_rev_rewd_12mth", "per_elec_comm", "Time_Since_last_Retail_purchase", "num_em_campaign", "disc_ats", "num_units_6mth", "ratio_order_6_12_mth", "Time_Since_last_Onl_purchase", "ratio_disc_non_disc_ats", "num_disc_comm_responded", "on_sales_rev_ratio_12mth", "card_status", "num_dist_catg_purchased", "gp_hit_ind_tot", "on_gp_net_sales_ratio", "clearance_hit_ind_tot", "num_order_num_last_6_mth", "purchased", "br_hit_ind_tot", "on_go_net_sales_ratio", "total_plcc_cards"
)
20000,3,22,0.7786,0.6289,0.70375,0.767955959999999,0.76795481,c("Time_since_acquisition", "percent_disc_last_6_mth", "ratio_rev_rewd_12mth", "per_elec_comm", "Time_Since_last_Retail_purchase", "num_em_campaign", "disc_ats", "num_units_6mth", "ratio_order_6_12_mth", "Time_Since_last_Onl_purchase", "num_disc_comm_responded", "on_sales_rev_ratio_12mth", "card_status", "pct_off_hit_ind_tot", "ratio_order_units_6_12_mth", "gp_hit_ind_tot", "clearance_hit_ind_tot", "num_order_num_last_6_mth", "purchased", "searchdex_ind_tot", "factory_hit_ind_tot")
20000,4,21,0.7762,0.6354,0.7058,0.768922549999994,0.76892254,c("percent_disc_last_6_mth", "non_disc_ats", "ratio_rev_rewd_12mth", "per_elec_comm", "avg_order_amt_last_6_mth", "Time_Since_last_Retail_purchase", "num_em_campaign", "disc_ats", "num_units_6mth", "Time_Since_last_Onl_purchase", "num_disc_comm_responded", "on_sales_rev_ratio_12mth", "card_status", "num_dist_catg_purchased", "ratio_order_units_6_12_mth", "gp_hit_ind_tot", "clearance_hit_ind_tot", "num_order_num_last_6_mth", "purchased", "br_hit_ind_tot")
20000,5,24,0.7839,0.64,0.71195,0.778077070000001,0.77807612,c("Time_since_acquisition", "percent_disc_last_6_mth", "ratio_rev_rewd_12mth", "per_elec_comm", "Time_Since_last_Retail_purchase", "num_em_campaign", "disc_ats", "num_units_6mth", "Time_Since_last_Onl_purchase", "ratio_disc_non_disc_ats", "num_disc_comm_responded", "on_sales_rev_ratio_12mth", "time_since_last_disc_purchase", "card_status", "pct_off_hit_ind_tot", "ratio_order_units_6_12_mth", "gp_hit_ind_tot", "clearance_hit_ind_tot", "num_order_num_last_6_mth", "purchased", "br_hit_ind_tot", "total_plcc_cards", 
"on_bf_net_sales_ratio")
21000,1,24,0.787047619047619,0.635904761904762,0.71147619047619,0.773267052154196,0.773267047619048,c("Time_since_acquisition", "percent_disc_last_6_mth", "non_disc_ats", "ratio_rev_rewd_12mth", "per_elec_comm", "avg_order_amt_last_6_mth", "Time_Since_last_Retail_purchase", "num_em_campaign", "disc_ats", "num_units_6mth", "Time_Since_last_Onl_purchase", "num_disc_comm_responded", "on_sales_rev_ratio_12mth", "time_since_last_disc_purchase", "card_status", "mobile_ind_tot", "pct_off_hit_ind_tot", "num_dist_catg_purchased", "ratio_order_units_6_12_mth", "gp_hit_ind_tot", "clearance_hit_ind_tot", "purchased", 
"br_hit_ind_tot")
21000,2,25,0.779428571428571,0.638571428571429,0.709,0.77196798185941,0.771967945578231,c("Time_since_acquisition", "percent_disc_last_6_mth", "non_disc_ats", "ratio_rev_rewd_12mth", "per_elec_comm", "Time_Since_last_Retail_purchase", "num_em_campaign", "num_units_6mth", "ratio_order_6_12_mth", "Time_Since_last_Onl_purchase", "ratio_disc_non_disc_ats", "num_disc_comm_responded", "on_sales_rev_ratio_12mth", "time_since_last_disc_purchase", "card_status", "pct_off_hit_ind_tot", "ratio_order_units_6_12_mth", "gp_hit_ind_tot", "clearance_hit_ind_tot", "purchased", "total_plcc_cards", "at_hit_ind_tot", 
"factory_hit_ind_tot", "markdown_hit_ind_tot")
21000,3,20,0.768095238095238,0.639904761904762,0.704,0.768808149659867,0.768806149659864,c("percent_disc_last_6_mth", "ratio_rev_rewd_12mth", "per_elec_comm", "Time_Since_last_Retail_purchase", "num_em_campaign", "num_units_6mth", "Time_Since_last_Onl_purchase", "ratio_disc_non_disc_ats", "num_disc_comm_responded", "on_sales_rev_ratio_12mth", "ratio_rev_wo_rewd_12mth", "card_status", "pct_off_hit_ind_tot", "num_dist_catg_purchased", "ratio_order_units_6_12_mth", "gp_hit_ind_tot", "num_order_num_last_6_mth", "purchased", "br_hit_ind_tot")
21000,4,22,0.781333333333333,0.628380952380952,0.704857142857143,0.766878000000002,0.766877995464853,c("Time_since_acquisition", "percent_disc_last_6_mth", "non_disc_ats", "ratio_rev_rewd_12mth", "per_elec_comm", "num_em_campaign", "disc_ats", "num_units_6mth", "ratio_order_6_12_mth", "Time_Since_last_Onl_purchase", "ratio_disc_non_disc_ats", "num_disc_comm_responded", "on_sales_rev_ratio_12mth", "time_since_last_disc_purchase", "card_status", "ratio_order_units_6_12_mth", "gp_hit_ind_tot", "clearance_hit_ind_tot", "num_order_num_last_6_mth", "purchased", "br_hit_ind_tot")
21000,5,29,0.773238095238095,0.634285714285714,0.703761904761905,0.770187913832201,0.770187909297052,c("Time_since_acquisition", "percent_disc_last_6_mth", "non_disc_ats", "ratio_rev_rewd_12mth", "per_elec_comm", "avg_order_amt_last_6_mth", "num_em_campaign", "disc_ats", "num_units_6mth", "Time_Since_last_Onl_purchase", "ratio_disc_non_disc_ats", "num_disc_comm_responded", "on_sales_rev_ratio_12mth", "on_sales_item_rev_12mth", "time_since_last_disc_purchase", "card_status", "num_dist_catg_purchased", "ratio_order_units_6_12_mth", "gp_hit_ind_tot", "clearance_hit_ind_tot", "num_order_num_last_6_mth", 
"purchased", "br_hit_ind_tot", "on_br_sales_ratio", "at_hit_ind_tot", "on_bf_net_sales_ratio", "searchdex_ind_tot", "factory_hit_ind_tot")
22000,1,24,0.774727272727273,0.641454545454545,0.708090909090909,0.772138219008262,0.772138214876033,c("Time_since_acquisition", "percent_disc_last_6_mth", "non_disc_ats", "ratio_rev_rewd_12mth", "per_elec_comm", "avg_order_amt_last_6_mth", "Time_Since_last_Retail_purchase", "num_em_campaign", "disc_ats", "num_units_6mth", "Time_Since_last_Onl_purchase", "ratio_disc_non_disc_ats", "num_disc_comm_responded", "on_sales_rev_ratio_12mth", "card_status", "ratio_order_units_6_12_mth", "gp_hit_ind_tot", "clearance_hit_ind_tot", "num_order_num_last_6_mth", "purchased", "br_hit_ind_tot", "at_hit_ind_tot", 
"on_bf_net_sales_ratio")
22000,2,23,0.778454545454545,0.633454545454545,0.705954545454546,0.770739446280994,0.770738495867769,c("Time_since_acquisition", "percent_disc_last_6_mth", "ratio_rev_rewd_12mth", "per_elec_comm", "Time_Since_last_Retail_purchase", "num_em_campaign", "disc_ats", "num_units_6mth", "Time_Since_last_Onl_purchase", "ratio_disc_non_disc_ats", "num_disc_comm_responded", "on_sales_rev_ratio_12mth", "card_status", "pct_off_hit_ind_tot", "ratio_order_units_6_12_mth", "gp_hit_ind_tot", "clearance_hit_ind_tot", "num_order_num_last_6_mth", "purchased", "br_hit_ind_tot", "on_go_net_sales_ratio", "on_br_sales_ratio"
)
22000,3,22,0.783,0.629545454545455,0.706272727272727,0.77026817355372,0.770262090909091,c("percent_disc_last_6_mth", "ratio_rev_rewd_12mth", "per_elec_comm", "Time_Since_last_Retail_purchase", "num_em_campaign", "disc_ats", "num_units_6mth", "ratio_order_6_12_mth", "Time_Since_last_Onl_purchase", "ratio_disc_non_disc_ats", "num_disc_comm_responded", "on_sales_rev_ratio_12mth", "time_since_last_disc_purchase", "card_status", "mobile_ind_tot", "ratio_order_units_6_12_mth", "gp_hit_ind_tot", "clearance_hit_ind_tot", "num_order_num_last_6_mth", "purchased", "on_bf_net_sales_ratio")
22000,4,19,0.781363636363636,0.632181818181818,0.706772727272727,0.772275012396696,0.772274561983471,c("percent_disc_last_6_mth", "non_disc_ats", "ratio_rev_rewd_12mth", "per_elec_comm", "Time_Since_last_Retail_purchase", "num_em_campaign", "Time_Since_last_Onl_purchase", "ratio_disc_non_disc_ats", "num_disc_comm_responded", "on_sales_rev_ratio_12mth", "time_since_last_disc_purchase", "card_status", "ratio_order_units_6_12_mth", "gp_hit_ind_tot", "clearance_hit_ind_tot", "purchased", "br_hit_ind_tot", "markdown_hit_ind_tot")
22000,5,24,0.778454545454545,0.638545454545455,0.7085,0.773961743801655,0.773960900826446,c("Time_since_acquisition", "percent_disc_last_6_mth", "ratio_rev_rewd_12mth", "per_elec_comm", "Time_Since_last_Retail_purchase", "num_em_campaign", "disc_ats", "num_units_6mth", "ratio_order_6_12_mth", "Time_Since_last_Onl_purchase", "ratio_disc_non_disc_ats", "num_disc_comm_responded", "on_sales_rev_ratio_12mth", "card_status", "pct_off_hit_ind_tot", "ratio_order_units_6_12_mth", "gp_hit_ind_tot", "on_gp_net_sales_ratio", "num_order_num_last_6_mth", "purchased", "br_hit_ind_tot", "total_plcc_cards", 
"at_hit_ind_tot")
23000,1,20,0.776434782608696,0.632782608695652,0.704608695652174,0.767619996219282,0.767619115311909,c("Time_since_acquisition", "percent_disc_last_6_mth", "ratio_rev_rewd_12mth", "per_elec_comm", "Time_Since_last_Retail_purchase", "num_em_campaign", "num_units_6mth", "Time_Since_last_Onl_purchase", "num_disc_comm_responded", "on_sales_rev_ratio_12mth", "card_status", "pct_off_hit_ind_tot", "ratio_order_units_6_12_mth", "gp_hit_ind_tot", "clearance_hit_ind_tot", "purchased", "br_hit_ind_tot", "on_go_net_sales_ratio", "searchdex_ind_tot")
23000,2,24,0.785826086956522,0.643130434782609,0.714478260869565,0.776028907372397,0.776028884688091,c("percent_disc_last_6_mth", "non_disc_ats", "ratio_rev_rewd_12mth", "per_elec_comm", "avg_order_amt_last_6_mth", "Time_Since_last_Retail_purchase", "num_em_campaign", "disc_ats", "num_units_6mth", "Time_Since_last_Onl_purchase", "ratio_disc_non_disc_ats", "num_disc_comm_responded", "on_sales_rev_ratio_12mth", "time_since_last_disc_purchase", "card_status", "pct_off_hit_ind_tot", "ratio_order_units_6_12_mth", "gp_hit_ind_tot", "clearance_hit_ind_tot", "num_order_num_last_6_mth", "purchased", "br_hit_ind_tot", 
"on_go_net_sales_ratio")
23000,3,20,0.779913043478261,0.638608695652174,0.709260869565217,0.771685512287339,0.77168370510397,c("Time_since_acquisition", "percent_disc_last_6_mth", "ratio_rev_rewd_12mth", "per_elec_comm", "Time_Since_last_Retail_purchase", "num_em_campaign", "ratio_order_6_12_mth", "Time_Since_last_Onl_purchase", "ratio_disc_non_disc_ats", "num_disc_comm_responded", "on_sales_rev_ratio_12mth", "time_since_last_disc_purchase", "card_status", "pct_off_hit_ind_tot", "ratio_order_units_6_12_mth", "gp_hit_ind_tot", "purchased", "br_hit_ind_tot", "on_br_sales_ratio")
23000,4,26,0.779478260869565,0.636260869565217,0.707869565217391,0.767617595463141,0.767617587901701,c("percent_disc_last_6_mth", "non_disc_ats", "ratio_rev_rewd_12mth", "per_elec_comm", "avg_order_amt_last_6_mth", "Time_Since_last_Retail_purchase", "num_em_campaign", "disc_ats", "num_units_6mth", "Time_Since_last_Onl_purchase", "ratio_disc_non_disc_ats", "num_disc_comm_responded", "on_sales_rev_ratio_12mth", "time_since_last_disc_purchase", "card_status", "ratio_order_units_6_12_mth", "gp_hit_ind_tot", "clearance_hit_ind_tot", "num_order_num_last_6_mth", "purchased", "br_hit_ind_tot", "on_go_net_sales_ratio", 
"total_plcc_cards", "at_hit_ind_tot", "markdown_hit_ind_tot")
23000,5,22,0.789391304347826,0.629304347826087,0.709347826086957,0.771441043478254,0.771439425330813,c("Time_since_acquisition", "percent_disc_last_6_mth", "ratio_rev_rewd_12mth", "per_elec_comm", "num_em_campaign", "disc_ats", "num_units_6mth", "Time_Since_last_Onl_purchase", "ratio_disc_non_disc_ats", "num_disc_comm_responded", "on_sales_rev_ratio_12mth", "time_since_last_disc_purchase", "card_status", "ratio_order_units_6_12_mth", "gp_hit_ind_tot", "clearance_hit_ind_tot", "num_order_num_last_6_mth", "purchased", "on_go_net_sales_ratio", "total_plcc_cards", "factory_hit_ind_tot")
24000,1,28,0.78725,0.635333333333333,0.711291666666667,0.772938211805551,0.772938201388889,c("Time_since_acquisition", "percent_disc_last_6_mth", "non_disc_ats", "ratio_rev_rewd_12mth", "per_elec_comm", "avg_order_amt_last_6_mth", "Time_Since_last_Retail_purchase", "num_em_campaign", "disc_ats", "num_units_6mth", "Time_Since_last_Onl_purchase", "ratio_disc_non_disc_ats", "num_disc_comm_responded", "on_sales_rev_ratio_12mth", "time_since_last_disc_purchase", "card_status", "pct_off_hit_ind_tot", "ratio_order_units_6_12_mth", "gp_hit_ind_tot", "clearance_hit_ind_tot", "num_order_num_last_6_mth", 
"purchased", "br_hit_ind_tot", "on_go_net_sales_ratio", "at_hit_ind_tot", "searchdex_ind_tot", "factory_hit_ind_tot")
24000,2,20,0.781666666666667,0.641416666666667,0.711541666666667,0.773293322916669,0.773292631944444,c("Time_since_acquisition", "percent_disc_last_6_mth", "ratio_rev_rewd_12mth", "per_elec_comm", "Time_Since_last_Retail_purchase", "num_em_campaign", "num_units_6mth", "Time_Since_last_Onl_purchase", "ratio_disc_non_disc_ats", "num_disc_comm_responded", "on_sales_rev_ratio_12mth", "card_status", "pct_off_hit_ind_tot", "ratio_order_units_6_12_mth", "gp_hit_ind_tot", "clearance_hit_ind_tot", "num_order_num_last_6_mth", "purchased", "br_hit_ind_tot")
24000,3,20,0.77875,0.635666666666667,0.707208333333333,0.77093692361111,0.770935993055556,c("Time_since_acquisition", "percent_disc_last_6_mth", "ratio_rev_rewd_12mth", "per_elec_comm", "Time_Since_last_Retail_purchase", "num_em_campaign", "num_units_6mth", "Time_Since_last_Onl_purchase", "ratio_disc_non_disc_ats", "num_disc_comm_responded", "on_sales_rev_ratio_12mth", "time_since_last_disc_purchase", "card_status", "ratio_order_units_6_12_mth", "gp_hit_ind_tot", "clearance_hit_ind_tot", "purchased", "br_hit_ind_tot", "total_plcc_cards")
24000,4,25,0.781666666666667,0.635333333333333,0.7085,0.768363555555556,0.768363555555556,c("Time_since_acquisition", "percent_disc_last_6_mth", "non_disc_ats", "ratio_rev_rewd_12mth", "per_elec_comm", "Time_Since_last_Retail_purchase", "num_em_campaign", "disc_ats", "num_units_6mth", "Time_Since_last_Onl_purchase", "ratio_disc_non_disc_ats", "num_disc_comm_responded", "on_sales_rev_ratio_12mth", "ratio_rev_wo_rewd_12mth", "time_since_last_disc_purchase", "card_status", "pct_off_hit_ind_tot", "ratio_order_units_6_12_mth", "gp_hit_ind_tot", "clearance_hit_ind_tot", "num_order_num_last_6_mth", 
"purchased", "br_hit_ind_tot", "searchdex_ind_tot")
24000,5,19,0.779666666666667,0.623333333333333,0.7015,0.764988420138885,0.764987798611111,c("Time_since_acquisition", "percent_disc_last_6_mth", "ratio_rev_rewd_12mth", "per_elec_comm", "Time_Since_last_Retail_purchase", "num_em_campaign", "disc_ats", "num_units_6mth", "Time_Since_last_Onl_purchase", "ratio_disc_non_disc_ats", "num_disc_comm_responded", "on_sales_rev_ratio_12mth", "card_status", "ratio_order_units_6_12_mth", "gp_hit_ind_tot", "num_order_num_last_6_mth", "purchased", "br_hit_ind_tot")
25000,1,23,0.778,0.62744,0.70272,0.769600060800001,0.7696000512,c("Time_since_acquisition", "percent_disc_last_6_mth", "non_disc_ats", "ratio_rev_rewd_12mth", "per_elec_comm", "avg_order_amt_last_6_mth", "num_em_campaign", "disc_ats", "num_units_6mth", "Time_Since_last_Onl_purchase", "ratio_disc_non_disc_ats", "num_disc_comm_responded", "on_sales_rev_ratio_12mth", "time_since_last_disc_purchase", "card_status", "ratio_order_units_6_12_mth", "gp_hit_ind_tot", "clearance_hit_ind_tot", "num_order_num_last_6_mth", "purchased", "br_hit_ind_tot", "markdown_hit_ind_tot"
)
25000,2,23,0.77776,0.62312,0.70044,0.765220006400001,0.7652200064,c("Time_since_acquisition", "percent_disc_last_6_mth", "non_disc_ats", "ratio_rev_rewd_12mth", "per_elec_comm", "avg_order_amt_last_6_mth", "Time_Since_last_Retail_purchase", "num_em_campaign", "disc_ats", "num_units_6mth", "Time_Since_last_Onl_purchase", "ratio_disc_non_disc_ats", "num_disc_comm_responded", "on_sales_rev_ratio_12mth", "time_since_last_disc_purchase", "card_status", "ratio_order_units_6_12_mth", "gp_hit_ind_tot", "clearance_hit_ind_tot", "purchased", "br_hit_ind_tot", "factory_hit_ind_tot"
)
25000,3,22,0.78752,0.62664,0.70708,0.771199804799999,0.7711945984,c("percent_disc_last_6_mth", "ratio_rev_rewd_12mth", "per_elec_comm", "avg_order_amt_last_6_mth", "Time_Since_last_Retail_purchase", "num_em_campaign", "disc_ats", "Time_Since_last_Onl_purchase", "num_disc_comm_responded", "on_sales_rev_ratio_12mth", "time_since_last_disc_purchase", "card_status", "pct_off_hit_ind_tot", "ratio_order_units_6_12_mth", "gp_hit_ind_tot", "on_gp_net_sales_ratio", "clearance_hit_ind_tot", "purchased", "br_hit_ind_tot", "total_plcc_cards", "markdown_hit_ind_tot")
25000,4,21,0.78728,0.62752,0.7074,0.773421260800002,0.7734151232,c("percent_disc_last_6_mth", "ratio_rev_rewd_12mth", "per_elec_comm", "Time_Since_last_Retail_purchase", "num_em_campaign", "disc_ats", "num_units_6mth", "Time_Since_last_Onl_purchase", "ratio_disc_non_disc_ats", "num_disc_comm_responded", "on_sales_rev_ratio_12mth", "time_since_last_disc_purchase", "card_status", "pct_off_hit_ind_tot", "ratio_order_units_6_12_mth", "gp_hit_ind_tot", "clearance_hit_ind_tot", "num_order_num_last_6_mth", "purchased", "markdown_hit_ind_tot")
25000,5,26,0.78128,0.63432,0.7078,0.772745296000001,0.7727452928,c("Time_since_acquisition", "percent_disc_last_6_mth", "non_disc_ats", "ratio_rev_rewd_12mth", "per_elec_comm", "avg_order_amt_last_6_mth", "Time_Since_last_Retail_purchase", "num_em_campaign", "disc_ats", "num_units_6mth", "Time_Since_last_Onl_purchase", "ratio_disc_non_disc_ats", "num_disc_comm_responded", "on_sales_rev_ratio_12mth", "on_sales_item_rev_12mth", "time_since_last_disc_purchase", "card_status", "pct_off_hit_ind_tot", "ratio_order_units_6_12_mth", "gp_hit_ind_tot", "on_gp_net_sales_ratio", 
"clearance_hit_ind_tot", "num_order_num_last_6_mth", "purchased", "br_hit_ind_tot")
26000,1,23,0.779153846153846,0.626384615384615,0.702769230769231,0.767195189349107,0.767195147928994,c("Time_since_acquisition", "percent_disc_last_6_mth", "non_disc_ats", "ratio_rev_rewd_12mth", "per_elec_comm", "Time_Since_last_Retail_purchase", "num_em_campaign", "num_units_6mth", "ratio_order_6_12_mth", "Time_Since_last_Onl_purchase", "ratio_disc_non_disc_ats", "num_disc_comm_responded", "on_sales_rev_ratio_12mth", "card_status", "pct_off_hit_ind_tot", "num_dist_catg_purchased", "ratio_order_units_6_12_mth", "gp_hit_ind_tot", "clearance_hit_ind_tot", "num_order_num_last_6_mth", "purchased", 
"at_hit_ind_tot")
26000,2,26,0.775384615384615,0.637,0.706192307692308,0.76901096153846,0.769010958579882,c("Time_since_acquisition", "percent_disc_last_6_mth", "non_disc_ats", "ratio_rev_rewd_12mth", "per_elec_comm", "avg_order_amt_last_6_mth", "Time_Since_last_Retail_purchase", "num_em_campaign", "disc_ats", "num_units_6mth", "Time_Since_last_Onl_purchase", "num_disc_comm_responded", "on_sales_rev_ratio_12mth", "time_since_last_disc_purchase", "card_status", "pct_off_hit_ind_tot", "ratio_order_units_6_12_mth", "gp_hit_ind_tot", "clearance_hit_ind_tot", "purchased", "br_hit_ind_tot", "at_hit_ind_tot", 
"on_bf_net_sales_ratio", "searchdex_ind_tot", "factory_hit_ind_tot")
26000,3,20,0.781615384615385,0.641615384615385,0.711615384615385,0.775282428994082,0.775276443786982,c("percent_disc_last_6_mth", "ratio_rev_rewd_12mth", "per_elec_comm", "Time_Since_last_Retail_purchase", "num_em_campaign", "num_units_6mth", "Time_Since_last_Onl_purchase", "ratio_disc_non_disc_ats", "num_disc_comm_responded", "on_sales_rev_ratio_12mth", "time_since_last_disc_purchase", "card_status", "ratio_order_units_6_12_mth", "gp_hit_ind_tot", "clearance_hit_ind_tot", "purchased", "br_hit_ind_tot", "on_go_net_sales_ratio", "on_bf_net_sales_ratio")
26000,4,17,0.783846153846154,0.630923076923077,0.707384615384615,0.768585579881661,0.768584686390533,c("Time_since_acquisition", "percent_disc_last_6_mth", "ratio_rev_rewd_12mth", "per_elec_comm", "Time_Since_last_Retail_purchase", "num_em_campaign", "disc_ats", "num_units_6mth", "Time_Since_last_Onl_purchase", "ratio_disc_non_disc_ats", "num_disc_comm_responded", "on_sales_rev_ratio_12mth", "card_status", "ratio_order_units_6_12_mth", "clearance_hit_ind_tot", "br_hit_ind_tot")
26000,5,21,0.776307692307692,0.634615384615385,0.705461538461538,0.771018331360951,0.771016792899408,c("Time_since_acquisition", "percent_disc_last_6_mth", "ratio_rev_rewd_12mth", "per_elec_comm", "num_em_campaign", "num_units_6mth", "Time_Since_last_Onl_purchase", "num_disc_comm_responded", "on_sales_rev_ratio_12mth", "ratio_rev_wo_rewd_12mth", "time_since_last_disc_purchase", "card_status", "pct_off_hit_ind_tot", "ratio_order_units_6_12_mth", "gp_hit_ind_tot", "clearance_hit_ind_tot", "num_order_num_last_6_mth", "purchased", "br_hit_ind_tot", "searchdex_ind_tot")
27000,1,22,0.778148148148148,0.630518518518518,0.704333333333333,0.767598013717422,0.767597064471879,c("Time_since_acquisition", "percent_disc_last_6_mth", "ratio_rev_rewd_12mth", "per_elec_comm", "Time_Since_last_Retail_purchase", "num_em_campaign", "disc_ats", "num_units_6mth", "Time_Since_last_Onl_purchase", "ratio_disc_non_disc_ats", "num_disc_comm_responded", "on_sales_rev_ratio_12mth", "card_status", "pct_off_hit_ind_tot", "ratio_order_units_6_12_mth", "gp_hit_ind_tot", "clearance_hit_ind_tot", "num_order_num_last_6_mth", "purchased", "br_hit_ind_tot", "total_plcc_cards")
27000,2,22,0.778962962962963,0.635777777777778,0.70737037037037,0.769068183813444,0.769068010973937,c("Time_since_acquisition", "percent_disc_last_6_mth", "non_disc_ats", "ratio_rev_rewd_12mth", "per_elec_comm", "avg_order_amt_last_6_mth", "Time_Since_last_Retail_purchase", "num_em_campaign", "Time_Since_last_Onl_purchase", "num_disc_comm_responded", "on_sales_rev_ratio_12mth", "on_sales_item_rev_12mth", "time_since_last_disc_purchase", "card_status", "ratio_order_units_6_12_mth", "gp_hit_ind_tot", "clearance_hit_ind_tot", "purchased", "br_hit_ind_tot", "on_br_sales_ratio", "total_plcc_cards")
27000,3,25,0.775777777777778,0.628,0.701888888888889,0.764532609053494,0.76453260356653,c("Time_since_acquisition", "percent_disc_last_6_mth", "non_disc_ats", "ratio_rev_rewd_12mth", "per_elec_comm", "avg_order_amt_last_6_mth", "Time_Since_last_Retail_purchase", "num_em_campaign", "disc_ats", "num_units_6mth", "ratio_order_6_12_mth", "Time_Since_last_Onl_purchase", "num_disc_comm_responded", "on_sales_rev_ratio_12mth", "ratio_rev_wo_rewd_12mth", "card_status", "ratio_order_units_6_12_mth", "gp_hit_ind_tot", "on_gp_net_sales_ratio", "clearance_hit_ind_tot", "purchased", "br_hit_ind_tot", 
"on_go_net_sales_ratio", "factory_hit_ind_tot")
27000,4,24,0.773703703703704,0.636592592592593,0.705148148148148,0.768989481481476,0.768989470507545,c("Time_since_acquisition", "percent_disc_last_6_mth", "non_disc_ats", "ratio_rev_rewd_12mth", "per_elec_comm", "avg_order_amt_last_6_mth", "Time_Since_last_Retail_purchase", "num_em_campaign", "disc_ats", "num_units_6mth", "Time_Since_last_Onl_purchase", "num_disc_comm_responded", "on_sales_rev_ratio_12mth", "card_status", "mobile_ind_tot", "pct_off_hit_ind_tot", "ratio_order_units_6_12_mth", "gp_hit_ind_tot", "on_gp_net_sales_ratio", "clearance_hit_ind_tot", "num_order_num_last_6_mth", "purchased", 
"br_hit_ind_tot")
27000,5,23,0.775851851851852,0.62962962962963,0.702740740740741,0.766601846364878,0.766601843621399,c("Time_since_acquisition", "percent_disc_last_6_mth", "non_disc_ats", "ratio_rev_rewd_12mth", "per_elec_comm", "avg_order_amt_last_6_mth", "Time_Since_last_Retail_purchase", "num_em_campaign", "disc_ats", "num_units_6mth", "Time_Since_last_Onl_purchase", "num_disc_comm_responded", "on_sales_rev_ratio_12mth", "ratio_rev_wo_rewd_12mth", "card_status", "pct_off_hit_ind_tot", "ratio_order_units_6_12_mth", "gp_hit_ind_tot", "clearance_hit_ind_tot", "purchased", "br_hit_ind_tot", "on_go_net_sales_ratio"
)
28000,1,22,0.777428571428571,0.639642857142857,0.708535714285714,0.771525987244898,0.771524943877551,c("Time_since_acquisition", "percent_disc_last_6_mth", "ratio_rev_rewd_12mth", "per_elec_comm", "Time_Since_last_Retail_purchase", "num_em_campaign", "num_units_6mth", "ratio_order_6_12_mth", "Time_Since_last_Onl_purchase", "ratio_disc_non_disc_ats", "num_disc_comm_responded", "on_sales_rev_ratio_12mth", "time_since_last_disc_purchase", "card_status", "ratio_order_units_6_12_mth", "gp_hit_ind_tot", "clearance_hit_ind_tot", "purchased", "br_hit_ind_tot", "at_hit_ind_tot", "factory_hit_ind_tot")
28000,2,22,0.771928571428571,0.638571428571429,0.70525,0.768645831632655,0.768645816326531,c("Time_since_acquisition", "percent_disc_last_6_mth", "non_disc_ats", "ratio_rev_rewd_12mth", "per_elec_comm", "avg_order_amt_last_6_mth", "Time_Since_last_Retail_purchase", "num_em_campaign", "disc_ats", "Time_Since_last_Onl_purchase", "ratio_disc_non_disc_ats", "num_disc_comm_responded", "on_sales_rev_ratio_12mth", "card_status", "ratio_order_units_6_12_mth", "gp_hit_ind_tot", "clearance_hit_ind_tot", "purchased", "br_hit_ind_tot", "on_br_sales_ratio", "total_plcc_cards")
28000,3,24,0.778928571428571,0.637714285714286,0.708321428571429,0.774178474489795,0.774177903061224,c("Time_since_acquisition", "percent_disc_last_6_mth", "ratio_rev_rewd_12mth", "per_elec_comm", "Time_Since_last_Retail_purchase", "num_em_campaign", "num_units_6mth", "ratio_order_6_12_mth", "Time_Since_last_Onl_purchase", "ratio_disc_non_disc_ats", "num_disc_comm_responded", "on_sales_rev_ratio_12mth", "time_since_last_disc_purchase", "card_status", "num_dist_catg_purchased", "ratio_order_units_6_12_mth", "gp_hit_ind_tot", "on_gp_net_sales_ratio", "clearance_hit_ind_tot", "purchased", "br_hit_ind_tot", 
"searchdex_ind_tot", "markdown_hit_ind_tot")
28000,4,26,0.78,0.629785714285714,0.704892857142857,0.768377747448978,0.768377744897959,c("Time_since_acquisition", "percent_disc_last_6_mth", "non_disc_ats", "ratio_rev_rewd_12mth", "per_elec_comm", "Time_Since_last_Retail_purchase", "num_em_campaign", "disc_ats", "num_units_6mth", "ratio_order_6_12_mth", "Time_Since_last_Onl_purchase", "num_disc_comm_responded", "on_sales_rev_ratio_12mth", "card_status", "pct_off_hit_ind_tot", "ratio_order_units_6_12_mth", "gp_hit_ind_tot", "clearance_hit_ind_tot", "num_order_num_last_6_mth", "purchased", "br_hit_ind_tot", "on_go_net_sales_ratio", 
"on_br_sales_ratio", "on_bf_net_sales_ratio", "searchdex_ind_tot")
28000,5,28,0.777,0.636285714285714,0.706642857142857,0.769889816326519,0.769889770408163,c("Time_since_acquisition", "percent_disc_last_6_mth", "non_disc_ats", "ratio_rev_rewd_12mth", "per_elec_comm", "avg_order_amt_last_6_mth", "Time_Since_last_Retail_purchase", "num_em_campaign", "num_units_6mth", "Time_Since_last_Onl_purchase", "num_disc_comm_responded", "on_sales_rev_ratio_12mth", "on_sales_item_rev_12mth", "time_since_last_disc_purchase", "card_status", "pct_off_hit_ind_tot", "ratio_order_units_6_12_mth", "gp_hit_ind_tot", "on_gp_net_sales_ratio", "clearance_hit_ind_tot", "num_order_num_last_6_mth", 
"purchased", "br_hit_ind_tot", "on_go_net_sales_ratio", "on_br_sales_ratio", "on_bf_net_sales_ratio", "factory_hit_ind_tot")
29000,1,22,0.778896551724138,0.63151724137931,0.705206896551724,0.770953424494653,0.770951272294887,c("Time_since_acquisition", "percent_disc_last_6_mth", "ratio_rev_rewd_12mth", "per_elec_comm", "Time_Since_last_Retail_purchase", "num_em_campaign", "ratio_order_6_12_mth", "Time_Since_last_Onl_purchase", "ratio_disc_non_disc_ats", "num_disc_comm_responded", "on_sales_rev_ratio_12mth", "time_since_last_disc_purchase", "card_status", "ratio_order_units_6_12_mth", "gp_hit_ind_tot", "clearance_hit_ind_tot", "purchased", "br_hit_ind_tot", "at_hit_ind_tot", "searchdex_ind_tot", "markdown_hit_ind_tot"
)
29000,2,25,0.774965517241379,0.634137931034483,0.704551724137931,0.764086530321055,0.764086530321046,c("Time_since_acquisition", "percent_disc_last_6_mth", "non_disc_ats", "ratio_rev_rewd_12mth", "per_elec_comm", "avg_order_amt_last_6_mth", "Time_Since_last_Retail_purchase", "num_em_campaign", "disc_ats", "num_units_6mth", "Time_Since_last_Onl_purchase", "ratio_disc_non_disc_ats", "num_disc_comm_responded", "on_sales_rev_ratio_12mth", "card_status", "ratio_order_units_6_12_mth", "gp_hit_ind_tot", "clearance_hit_ind_tot", "num_order_num_last_6_mth", "purchased", "br_hit_ind_tot", "on_go_net_sales_ratio", 
"on_br_sales_ratio", "markdown_hit_ind_tot")
29000,3,27,0.775241379310345,0.638137931034483,0.706689655172414,0.769458644470873,0.769458625445898,c("Time_since_acquisition", "percent_disc_last_6_mth", "non_disc_ats", "ratio_rev_rewd_12mth", "per_elec_comm", "avg_order_amt_last_6_mth", "Time_Since_last_Retail_purchase", "num_em_campaign", "disc_ats", "num_units_6mth", "ratio_order_6_12_mth", "Time_Since_last_Onl_purchase", "ratio_disc_non_disc_ats", "num_disc_comm_responded", "on_sales_rev_ratio_12mth", "time_since_last_disc_purchase", "card_status", "mobile_ind_tot", "pct_off_hit_ind_tot", "ratio_order_units_6_12_mth", "gp_hit_ind_tot", "clearance_hit_ind_tot", 
"num_order_num_last_6_mth", "purchased", "br_hit_ind_tot", "searchdex_ind_tot")
29000,4,21,0.778689655172414,0.633034482758621,0.705862068965517,0.768603557669439,0.768602577883472,c("Time_since_acquisition", "percent_disc_last_6_mth", "ratio_rev_rewd_12mth", "per_elec_comm", "Time_Since_last_Retail_purchase", "num_em_campaign", "disc_ats", "num_units_6mth", "Time_Since_last_Onl_purchase", "num_disc_comm_responded", "on_sales_rev_ratio_12mth", "card_status", "ratio_order_units_6_12_mth", "gp_hit_ind_tot", "clearance_hit_ind_tot", "purchased", "br_hit_ind_tot", "at_hit_ind_tot", "on_bf_net_sales_ratio", "factory_hit_ind_tot")
29000,5,20,0.77951724137931,0.631172413793103,0.705344827586207,0.768762285374551,0.768760917954816,c("Time_since_acquisition", "percent_disc_last_6_mth", "ratio_rev_rewd_12mth", "per_elec_comm", "Time_Since_last_Retail_purchase", "num_em_campaign", "num_units_6mth", "Time_Since_last_Onl_purchase", "ratio_disc_non_disc_ats", "num_disc_comm_responded", "on_sales_rev_ratio_12mth", "time_since_last_disc_purchase", "card_status", "ratio_order_units_6_12_mth", "gp_hit_ind_tot", "clearance_hit_ind_tot", "num_order_num_last_6_mth", "purchased", "on_bf_net_sales_ratio")
30000,1,24,0.775266666666667,0.632133333333333,0.7037,0.765525215555557,0.765525208888889,c("Time_since_acquisition", "percent_disc_last_6_mth", "non_disc_ats", "ratio_rev_rewd_12mth", "per_elec_comm", "Time_Since_last_Retail_purchase", "num_em_campaign", "disc_ats", "num_units_6mth", "Time_Since_last_Onl_purchase", "num_disc_comm_responded", "on_sales_rev_ratio_12mth", "on_sales_item_rev_12mth", "time_since_last_disc_purchase", "card_status", "ratio_order_units_6_12_mth", "gp_hit_ind_tot", "clearance_hit_ind_tot", "num_order_num_last_6_mth", "purchased", "br_hit_ind_tot", "on_bf_net_sales_ratio", 
"markdown_hit_ind_tot")
30000,2,22,0.781266666666667,0.634133333333333,0.7077,0.770324626666661,0.770318031111111,c("percent_disc_last_6_mth", "ratio_rev_rewd_12mth", "per_elec_comm", "Time_Since_last_Retail_purchase", "num_em_campaign", "disc_ats", "num_units_6mth", "ratio_order_6_12_mth", "Time_Since_last_Onl_purchase", "ratio_disc_non_disc_ats", "num_disc_comm_responded", "on_sales_rev_ratio_12mth", "card_status", "ratio_order_units_6_12_mth", "gp_hit_ind_tot", "clearance_hit_ind_tot", "num_order_num_last_6_mth", "purchased", "br_hit_ind_tot", "on_go_net_sales_ratio", "total_plcc_cards")
30000,3,24,0.7764,0.632733333333333,0.704566666666667,0.76847769777778,0.7684768,c("Time_since_acquisition", "percent_disc_last_6_mth", "ratio_rev_rewd_12mth", "per_elec_comm", "Time_Since_last_Retail_purchase", "num_em_campaign", "num_units_6mth", "ratio_order_6_12_mth", "Time_Since_last_Onl_purchase", "ratio_disc_non_disc_ats", "num_disc_comm_responded", "on_sales_rev_ratio_12mth", "card_status", "ratio_order_units_6_12_mth", "gp_hit_ind_tot", "clearance_hit_ind_tot", "num_order_num_last_6_mth", "purchased", "br_hit_ind_tot", "on_go_net_sales_ratio", "on_br_sales_ratio", "total_plcc_cards", 
"at_hit_ind_tot")
30000,4,24,0.782333333333333,0.6326,0.707466666666667,0.771437411111111,0.771436551111111,c("Time_since_acquisition", "percent_disc_last_6_mth", "ratio_rev_rewd_12mth", "per_elec_comm", "Time_Since_last_Retail_purchase", "num_em_campaign", "num_units_6mth", "Time_Since_last_Onl_purchase", "ratio_disc_non_disc_ats", "num_disc_comm_responded", "on_sales_rev_ratio_12mth", "on_sales_item_rev_12mth", "time_since_last_disc_purchase", "card_status", "pct_off_hit_ind_tot", "ratio_order_units_6_12_mth", "gp_hit_ind_tot", "clearance_hit_ind_tot", "purchased", "br_hit_ind_tot", "at_hit_ind_tot", 
"on_bf_net_sales_ratio", "markdown_hit_ind_tot")
30000,5,20,0.781866666666667,0.626866666666667,0.704366666666667,0.77037521111111,0.770372337777778,c("percent_disc_last_6_mth", "non_disc_ats", "ratio_rev_rewd_12mth", "per_elec_comm", "num_em_campaign", "num_units_6mth", "Time_Since_last_Onl_purchase", "ratio_disc_non_disc_ats", "num_disc_comm_responded", "on_sales_rev_ratio_12mth", "card_status", "pct_off_hit_ind_tot", "ratio_order_units_6_12_mth", "gp_hit_ind_tot", "clearance_hit_ind_tot", "num_order_num_last_6_mth", "purchased", "br_hit_ind_tot", "at_hit_ind_tot")
31000,1,21,0.772,0.640193548387097,0.706096774193548,0.771131904266395,0.771130185223725,c("Time_since_acquisition", "percent_disc_last_6_mth", "ratio_rev_rewd_12mth", "per_elec_comm", "num_em_campaign", "disc_ats", "num_units_6mth", "Time_Since_last_Onl_purchase", "ratio_disc_non_disc_ats", "num_disc_comm_responded", "on_sales_rev_ratio_12mth", "time_since_last_disc_purchase", "card_status", "pct_off_hit_ind_tot", "ratio_order_units_6_12_mth", "gp_hit_ind_tot", "clearance_hit_ind_tot", "num_order_num_last_6_mth", "purchased", "br_hit_ind_tot")
31000,2,24,0.776645161290323,0.635225806451613,0.705935483870968,0.769680418314257,0.769679991675338,c("Time_since_acquisition", "percent_disc_last_6_mth", "ratio_rev_rewd_12mth", "per_elec_comm", "Time_Since_last_Retail_purchase", "num_em_campaign", "disc_ats", "num_units_6mth", "Time_Since_last_Onl_purchase", "ratio_disc_non_disc_ats", "num_disc_comm_responded", "on_sales_rev_ratio_12mth", "ratio_rev_wo_rewd_12mth", "card_status", "pct_off_hit_ind_tot", "num_dist_catg_purchased", "ratio_order_units_6_12_mth", "gp_hit_ind_tot", "clearance_hit_ind_tot", "num_order_num_last_6_mth", "purchased", "br_hit_ind_tot", 
"markdown_hit_ind_tot")
31000,3,23,0.772967741935484,0.633677419354839,0.703322580645161,0.766958118626425,0.76695696566077,c("Time_since_acquisition", "percent_disc_last_6_mth", "ratio_rev_rewd_12mth", "per_elec_comm", "avg_order_amt_last_6_mth", "Time_Since_last_Retail_purchase", "num_em_campaign", "disc_ats", "num_units_6mth", "Time_Since_last_Onl_purchase", "ratio_disc_non_disc_ats", "num_disc_comm_responded", "on_sales_rev_ratio_12mth", "card_status", "pct_off_hit_ind_tot", "ratio_order_units_6_12_mth", "gp_hit_ind_tot", "clearance_hit_ind_tot", "num_order_num_last_6_mth", "purchased", "br_hit_ind_tot", "on_go_net_sales_ratio"
)
31000,4,29,0.778709677419355,0.633032258064516,0.705870967741935,0.769318416233087,0.769318414151925,c("Time_since_acquisition", "percent_disc_last_6_mth", "non_disc_ats", "ratio_rev_rewd_12mth", "per_elec_comm", "avg_order_amt_last_6_mth", "Time_Since_last_Retail_purchase", "num_em_campaign", "disc_ats", "num_units_6mth", "Time_Since_last_Onl_purchase", "ratio_disc_non_disc_ats", "num_disc_comm_responded", "on_sales_rev_ratio_12mth", "on_sales_item_rev_12mth", "time_since_last_disc_purchase", "card_status", "ratio_order_units_6_12_mth", "gp_hit_ind_tot", "clearance_hit_ind_tot", "num_order_num_last_6_mth", 
"purchased", "br_hit_ind_tot", "on_go_net_sales_ratio", "on_br_sales_ratio", "total_plcc_cards", "on_bf_net_sales_ratio", "searchdex_ind_tot")
31000,5,26,0.774709677419355,0.642645161290323,0.708677419354839,0.772953793964619,0.772953789802289,c("Time_since_acquisition", "percent_disc_last_6_mth", "non_disc_ats", "ratio_rev_rewd_12mth", "per_elec_comm", "avg_order_amt_last_6_mth", "Time_Since_last_Retail_purchase", "num_em_campaign", "disc_ats", "ratio_order_6_12_mth", "Time_Since_last_Onl_purchase", "ratio_disc_non_disc_ats", "num_disc_comm_responded", "on_sales_rev_ratio_12mth", "time_since_last_disc_purchase", "card_status", "ratio_order_units_6_12_mth", "gp_hit_ind_tot", "clearance_hit_ind_tot", "purchased", "br_hit_ind_tot", "on_br_sales_ratio", 
"at_hit_ind_tot", "on_bf_net_sales_ratio", "searchdex_ind_tot")
32000,1,26,0.786625,0.6338125,0.71021875,0.774715078124997,0.77471410546875,c("Time_since_acquisition", "percent_disc_last_6_mth", "ratio_rev_rewd_12mth", "per_elec_comm", "Time_Since_last_Retail_purchase", "num_em_campaign", "disc_ats", "num_units_6mth", "ratio_order_6_12_mth", "Time_Since_last_Onl_purchase", "ratio_disc_non_disc_ats", "num_disc_comm_responded", "on_sales_rev_ratio_12mth", "time_since_last_disc_purchase", "card_status", "pct_off_hit_ind_tot", "ratio_order_units_6_12_mth", "gp_hit_ind_tot", "clearance_hit_ind_tot", "num_order_num_last_6_mth", "purchased", 
"br_hit_ind_tot", "at_hit_ind_tot", "searchdex_ind_tot", "factory_hit_ind_tot")
32000,2,22,0.7723125,0.631875,0.70209375,0.764944019531259,0.764943953125,c("Time_since_acquisition", "percent_disc_last_6_mth", "non_disc_ats", "ratio_rev_rewd_12mth", "per_elec_comm", "Time_Since_last_Retail_purchase", "num_em_campaign", "num_units_6mth", "ratio_order_6_12_mth", "Time_Since_last_Onl_purchase", "num_disc_comm_responded", "on_sales_rev_ratio_12mth", "on_sales_item_rev_12mth", "card_status", "ratio_order_units_6_12_mth", "gp_hit_ind_tot", "clearance_hit_ind_tot", "num_order_num_last_6_mth", "purchased", "br_hit_ind_tot", "markdown_hit_ind_tot")
32000,3,25,0.7826875,0.6309375,0.7068125,0.769608550781251,0.76960626953125,c("Time_since_acquisition", "percent_disc_last_6_mth", "ratio_rev_rewd_12mth", "per_elec_comm", "Time_Since_last_Retail_purchase", "num_em_campaign", "disc_ats", "ratio_order_6_12_mth", "Time_Since_last_Onl_purchase", "ratio_disc_non_disc_ats", "on_sales_rev_ratio_12mth", "ratio_rev_wo_rewd_12mth", "time_since_last_disc_purchase", "card_status", "ratio_order_units_6_12_mth", "gp_hit_ind_tot", "on_gp_net_sales_ratio", "clearance_hit_ind_tot", "purchased", "br_hit_ind_tot", "on_bf_net_sales_ratio", 
"searchdex_ind_tot", "factory_hit_ind_tot", "markdown_hit_ind_tot")
32000,4,24,0.7868125,0.6251875,0.706,0.76859583203124,0.76859505078125,c("Time_since_acquisition", "percent_disc_last_6_mth", "ratio_rev_rewd_12mth", "per_elec_comm", "avg_order_amt_last_6_mth", "Time_Since_last_Retail_purchase", "num_em_campaign", "disc_ats", "num_units_6mth", "ratio_order_6_12_mth", "Time_Since_last_Onl_purchase", "ratio_disc_non_disc_ats", "num_disc_comm_responded", "on_sales_rev_ratio_12mth", "time_since_last_disc_purchase", "card_status", "pct_off_hit_ind_tot", "ratio_order_units_6_12_mth", "gp_hit_ind_tot", "clearance_hit_ind_tot", "num_order_num_last_6_mth", 
"purchased", "br_hit_ind_tot")
32000,5,25,0.77775,0.6321875,0.70496875,0.767026435546873,0.7670250546875,c("Time_since_acquisition", "percent_disc_last_6_mth", "ratio_rev_rewd_12mth", "per_elec_comm", "num_em_campaign", "disc_ats", "num_units_6mth", "ratio_order_6_12_mth", "Time_Since_last_Onl_purchase", "ratio_disc_non_disc_ats", "num_disc_comm_responded", "on_sales_rev_ratio_12mth", "ratio_rev_wo_rewd_12mth", "time_since_last_disc_purchase", "card_status", "pct_off_hit_ind_tot", "ratio_order_units_6_12_mth", "gp_hit_ind_tot", "on_gp_net_sales_ratio", "clearance_hit_ind_tot", "num_order_num_last_6_mth", 
"purchased", "br_hit_ind_tot", "on_go_net_sales_ratio")
33000,1,25,0.785272727272727,0.626666666666667,0.705969696969697,0.770088679522497,0.770087489439853,c("Time_since_acquisition", "percent_disc_last_6_mth", "ratio_rev_rewd_12mth", "per_elec_comm", "num_em_campaign", "disc_ats", "num_units_6mth", "ratio_order_6_12_mth", "Time_Since_last_Onl_purchase", "ratio_disc_non_disc_ats", "num_disc_comm_responded", "on_sales_rev_ratio_12mth", "time_since_last_disc_purchase", "card_status", "pct_off_hit_ind_tot", "ratio_order_units_6_12_mth", "gp_hit_ind_tot", "clearance_hit_ind_tot", "num_order_num_last_6_mth", "purchased", "br_hit_ind_tot", "at_hit_ind_tot", 
"searchdex_ind_tot", "markdown_hit_ind_tot")
33000,2,22,0.782181818181818,0.627515151515151,0.704848484848485,0.76806736822773,0.768066578512397,c("Time_since_acquisition", "percent_disc_last_6_mth", "ratio_rev_rewd_12mth", "per_elec_comm", "avg_order_amt_last_6_mth", "Time_Since_last_Retail_purchase", "num_em_campaign", "disc_ats", "num_units_6mth", "Time_Since_last_Onl_purchase", "ratio_disc_non_disc_ats", "num_disc_comm_responded", "on_sales_rev_ratio_12mth", "time_since_last_disc_purchase", "card_status", "ratio_order_units_6_12_mth", "gp_hit_ind_tot", "clearance_hit_ind_tot", "num_order_num_last_6_mth", "purchased", "br_hit_ind_tot")
33000,3,26,0.773939393939394,0.629090909090909,0.701515151515152,0.765817401285582,0.765816348943985,c("Time_since_acquisition", "percent_disc_last_6_mth", "ratio_rev_rewd_12mth", "per_elec_comm", "Time_Since_last_Retail_purchase", "num_em_campaign", "disc_ats", "num_units_6mth", "ratio_order_6_12_mth", "Time_Since_last_Onl_purchase", "ratio_disc_non_disc_ats", "num_disc_comm_responded", "on_sales_rev_ratio_12mth", "on_sales_item_rev_12mth", "time_since_last_disc_purchase", "card_status", "pct_off_hit_ind_tot", "ratio_order_units_6_12_mth", "gp_hit_ind_tot", "clearance_hit_ind_tot", "num_order_num_last_6_mth", 
"purchased", "br_hit_ind_tot", "on_bf_net_sales_ratio", "markdown_hit_ind_tot")
33000,4,23,0.781575757575758,0.630848484848485,0.706212121212121,0.770243946740131,0.769568892561983,c("percent_disc_last_6_mth", "ratio_rev_rewd_12mth", "per_elec_comm", "num_em_campaign", "disc_ats", "num_units_6mth", "Time_Since_last_Onl_purchase", "num_disc_comm_responded", "on_sales_rev_ratio_12mth", "on_sales_item_rev_12mth", "time_since_last_disc_purchase", "card_status", "mobile_ind_tot", "pct_off_hit_ind_tot", "ratio_order_units_6_12_mth", "gp_hit_ind_tot", "clearance_hit_ind_tot", "num_order_num_last_6_mth", "purchased", "br_hit_ind_tot", "at_hit_ind_tot", "markdown_hit_ind_tot")
33000,5,29,0.782242424242424,0.633878787878788,0.708060606060606,0.77180652341598,0.771806167125804,c("Time_since_acquisition", "percent_disc_last_6_mth", "ratio_rev_rewd_12mth", "per_elec_comm", "avg_order_amt_last_6_mth", "Time_Since_last_Retail_purchase", "num_em_campaign", "disc_ats", "num_units_6mth", "Time_Since_last_Onl_purchase", "ratio_disc_non_disc_ats", "num_disc_comm_responded", "on_sales_rev_ratio_12mth", "on_sales_item_rev_12mth", "time_since_last_disc_purchase", "card_status", "pct_off_hit_ind_tot", "num_dist_catg_purchased", "ratio_order_units_6_12_mth", "gp_hit_ind_tot", "on_gp_net_sales_ratio", 
"clearance_hit_ind_tot", "purchased", "br_hit_ind_tot", "at_hit_ind_tot", "searchdex_ind_tot", "factory_hit_ind_tot", "markdown_hit_ind_tot")
34000,1,23,0.778352941176471,0.629823529411765,0.704088235294118,0.76852866435986,0.768528581314879,c("Time_since_acquisition", "percent_disc_last_6_mth", "non_disc_ats", "ratio_rev_rewd_12mth", "per_elec_comm", "Time_Since_last_Retail_purchase", "num_em_campaign", "num_units_6mth", "ratio_order_6_12_mth", "Time_Since_last_Onl_purchase", "ratio_disc_non_disc_ats", "num_disc_comm_responded", "on_sales_rev_ratio_12mth", "ratio_rev_wo_rewd_12mth", "on_sales_item_rev_12mth", "card_status", "ratio_order_units_6_12_mth", "gp_hit_ind_tot", "clearance_hit_ind_tot", "num_order_num_last_6_mth", "purchased", 
"br_hit_ind_tot")
34000,2,24,0.778764705882353,0.629352941176471,0.704058823529412,0.767573259515564,0.767572280276817,c("Time_since_acquisition", "percent_disc_last_6_mth", "ratio_rev_rewd_12mth", "per_elec_comm", "Time_Since_last_Retail_purchase", "num_em_campaign", "disc_ats", "num_units_6mth", "ratio_order_6_12_mth", "Time_Since_last_Onl_purchase", "ratio_disc_non_disc_ats", "num_disc_comm_responded", "on_sales_rev_ratio_12mth", "card_status", "mobile_ind_tot", "ratio_order_units_6_12_mth", "gp_hit_ind_tot", "clearance_hit_ind_tot", "num_order_num_last_6_mth", "purchased", "br_hit_ind_tot", "at_hit_ind_tot", 
"searchdex_ind_tot")
34000,3,25,0.776117647058824,0.627117647058824,0.701617647058824,0.765734197231835,0.765734193771626,c("Time_since_acquisition", "percent_disc_last_6_mth", "non_disc_ats", "ratio_rev_rewd_12mth", "per_elec_comm", "avg_order_amt_last_6_mth", "num_em_campaign", "disc_ats", "num_units_6mth", "Time_Since_last_Onl_purchase", "ratio_disc_non_disc_ats", "num_disc_comm_responded", "ratio_rev_wo_rewd_12mth", "on_sales_item_rev_12mth", "time_since_last_disc_purchase", "card_status", "ratio_order_units_6_12_mth", "gp_hit_ind_tot", "clearance_hit_ind_tot", "num_order_num_last_6_mth", "purchased", "br_hit_ind_tot", 
"on_go_net_sales_ratio", "factory_hit_ind_tot")
34000,4,21,0.778705882352941,0.630235294117647,0.704470588235294,0.764934183391001,0.764933899653979,c("percent_disc_last_6_mth", "non_disc_ats", "ratio_rev_rewd_12mth", "per_elec_comm", "Time_Since_last_Retail_purchase", "num_em_campaign", "num_units_6mth", "ratio_order_6_12_mth", "Time_Since_last_Onl_purchase", "num_disc_comm_responded", "on_sales_rev_ratio_12mth", "on_sales_item_rev_12mth", "time_since_last_disc_purchase", "card_status", "ratio_order_units_6_12_mth", "gp_hit_ind_tot", "clearance_hit_ind_tot", "purchased", "br_hit_ind_tot", "markdown_hit_ind_tot")
34000,5,24,0.776882352941176,0.631882352941176,0.704382352941176,0.768970356401383,0.768968283737024,c("percent_disc_last_6_mth", "ratio_rev_rewd_12mth", "per_elec_comm", "avg_order_amt_last_6_mth", "Time_Since_last_Retail_purchase", "num_em_campaign", "disc_ats", "num_units_6mth", "Time_Since_last_Onl_purchase", "ratio_disc_non_disc_ats", "num_disc_comm_responded", "on_sales_rev_ratio_12mth", "time_since_last_disc_purchase", "card_status", "pct_off_hit_ind_tot", "num_dist_catg_purchased", "ratio_order_units_6_12_mth", "gp_hit_ind_tot", "clearance_hit_ind_tot", "num_order_num_last_6_mth", "purchased", 
"br_hit_ind_tot", "total_plcc_cards")
35000,1,25,0.778628571428571,0.637485714285714,0.708057142857143,0.773550917551016,0.773038083265306,c("percent_disc_last_6_mth", "ratio_rev_rewd_12mth", "per_elec_comm", "avg_order_amt_last_6_mth", "num_em_campaign", "disc_ats", "num_units_6mth", "Time_Since_last_Onl_purchase", "ratio_disc_non_disc_ats", "num_disc_comm_responded", "on_sales_rev_ratio_12mth", "on_sales_item_rev_12mth", "time_since_last_disc_purchase", "card_status", "pct_off_hit_ind_tot", "ratio_order_units_6_12_mth", "gp_hit_ind_tot", "clearance_hit_ind_tot", "num_order_num_last_6_mth", "purchased", "br_hit_ind_tot", "on_go_net_sales_ratio", 
"total_plcc_cards", "at_hit_ind_tot")
35000,2,26,0.780342857142857,0.629485714285714,0.704914285714286,0.767046079999999,0.767040035918367,c("percent_disc_last_6_mth", "ratio_rev_rewd_12mth", "per_elec_comm", "avg_order_amt_last_6_mth", "Time_Since_last_Retail_purchase", "num_em_campaign", "disc_ats", "num_units_6mth", "Time_Since_last_Onl_purchase", "ratio_disc_non_disc_ats", "num_disc_comm_responded", "on_sales_rev_ratio_12mth", "ratio_rev_wo_rewd_12mth", "time_since_last_disc_purchase", "card_status", "pct_off_hit_ind_tot", "ratio_order_units_6_12_mth", "gp_hit_ind_tot", "clearance_hit_ind_tot", "num_order_num_last_6_mth", "purchased", 
"br_hit_ind_tot", "on_go_net_sales_ratio", "total_plcc_cards", "markdown_hit_ind_tot")
35000,3,23,0.784971428571429,0.631142857142857,0.708057142857143,0.773287288163271,0.773285825306122,c("Time_since_acquisition", "percent_disc_last_6_mth", "ratio_rev_rewd_12mth", "per_elec_comm", "num_em_campaign", "num_units_6mth", "ratio_order_6_12_mth", "Time_Since_last_Onl_purchase", "ratio_disc_non_disc_ats", "num_disc_comm_responded", "on_sales_rev_ratio_12mth", "time_since_last_disc_purchase", "card_status", "pct_off_hit_ind_tot", "ratio_order_units_6_12_mth", "gp_hit_ind_tot", "clearance_hit_ind_tot", "num_order_num_last_6_mth", "purchased", "br_hit_ind_tot", "on_br_sales_ratio", "searchdex_ind_tot"
)
35000,4,24,0.782914285714286,0.633942857142857,0.708428571428571,0.772840746122453,0.772839843265306,c("Time_since_acquisition", "percent_disc_last_6_mth", "ratio_rev_rewd_12mth", "per_elec_comm", "Time_Since_last_Retail_purchase", "num_em_campaign", "disc_ats", "num_units_6mth", "ratio_order_6_12_mth", "Time_Since_last_Onl_purchase", "ratio_disc_non_disc_ats", "num_disc_comm_responded", "on_sales_rev_ratio_12mth", "on_sales_item_rev_12mth", "card_status", "pct_off_hit_ind_tot", "ratio_order_units_6_12_mth", "gp_hit_ind_tot", "clearance_hit_ind_tot", "num_order_num_last_6_mth", "purchased", "br_hit_ind_tot", 
"on_bf_net_sales_ratio")
35000,5,26,0.777771428571429,0.626171428571429,0.701971428571429,0.76661503020408,0.766615020408163,c("Time_since_acquisition", "percent_disc_last_6_mth", "non_disc_ats", "ratio_rev_rewd_12mth", "per_elec_comm", "avg_order_amt_last_6_mth", "Time_Since_last_Retail_purchase", "num_em_campaign", "disc_ats", "num_units_6mth", "Time_Since_last_Onl_purchase", "ratio_disc_non_disc_ats", "num_disc_comm_responded", "on_sales_rev_ratio_12mth", "ratio_rev_wo_rewd_12mth", "time_since_last_disc_purchase", "card_status", "num_dist_catg_purchased", "ratio_order_units_6_12_mth", "gp_hit_ind_tot", "clearance_hit_ind_tot", 
"num_order_num_last_6_mth", "purchased", "br_hit_ind_tot", "on_go_net_sales_ratio")
36000,1,22,0.782277777777778,0.627222222222222,0.70475,0.769740691358029,0.769740225308642,c("Time_since_acquisition", "percent_disc_last_6_mth", "ratio_rev_rewd_12mth", "per_elec_comm", "avg_order_amt_last_6_mth", "num_em_campaign", "num_units_6mth", "ratio_order_6_12_mth", "Time_Since_last_Onl_purchase", "num_disc_comm_responded", "on_sales_rev_ratio_12mth", "time_since_last_disc_purchase", "card_status", "pct_off_hit_ind_tot", "num_dist_catg_purchased", "ratio_order_units_6_12_mth", "gp_hit_ind_tot", "clearance_hit_ind_tot", "num_order_num_last_6_mth", "purchased", "br_hit_ind_tot")
36000,2,27,0.776222222222222,0.626777777777778,0.7015,0.766571810185185,0.766571805555556,c("Time_since_acquisition", "percent_disc_last_6_mth", "non_disc_ats", "ratio_rev_rewd_12mth", "per_elec_comm", "avg_order_amt_last_6_mth", "Time_Since_last_Retail_purchase", "num_em_campaign", "disc_ats", "num_units_6mth", "Time_Since_last_Onl_purchase", "ratio_disc_non_disc_ats", "num_disc_comm_responded", "on_sales_rev_ratio_12mth", "time_since_last_disc_purchase", "card_status", "mobile_ind_tot", "pct_off_hit_ind_tot", "num_dist_catg_purchased", "ratio_order_units_6_12_mth", "gp_hit_ind_tot", 
"clearance_hit_ind_tot", "num_order_num_last_6_mth", "purchased", "br_hit_ind_tot", "on_br_sales_ratio")
36000,3,28,0.7765,0.634,0.70525,0.770521273148153,0.770520638888889,c("Time_since_acquisition", "percent_disc_last_6_mth", "ratio_rev_rewd_12mth", "per_elec_comm", "Time_Since_last_Retail_purchase", "num_em_campaign", "disc_ats", "ratio_order_6_12_mth", "Time_Since_last_Onl_purchase", "ratio_disc_non_disc_ats", "num_disc_comm_responded", "on_sales_rev_ratio_12mth", "on_sales_item_rev_12mth", "time_since_last_disc_purchase", "card_status", "pct_off_hit_ind_tot", "num_dist_catg_purchased", "ratio_order_units_6_12_mth", "gp_hit_ind_tot", "clearance_hit_ind_tot", "num_order_num_last_6_mth", 
"purchased", "br_hit_ind_tot", "total_plcc_cards", "at_hit_ind_tot", "factory_hit_ind_tot", "markdown_hit_ind_tot")
36000,4,26,0.781055555555556,0.6345,0.707777777777778,0.77046140895062,0.770461401234568,c("Time_since_acquisition", "percent_disc_last_6_mth", "non_disc_ats", "ratio_rev_rewd_12mth", "per_elec_comm", "Time_Since_last_Retail_purchase", "num_em_campaign", "disc_ats", "num_units_6mth", "ratio_order_6_12_mth", "Time_Since_last_Onl_purchase", "ratio_disc_non_disc_ats", "num_disc_comm_responded", "on_sales_item_rev_12mth", "card_status", "ratio_order_units_6_12_mth", "gp_hit_ind_tot", "clearance_hit_ind_tot", "num_order_num_last_6_mth", "purchased", "br_hit_ind_tot", "on_br_sales_ratio", 
"on_bf_net_sales_ratio", "factory_hit_ind_tot", "markdown_hit_ind_tot")
36000,5,25,0.778888888888889,0.631555555555556,0.705222222222222,0.76834042438272,0.768339395061728,c("Time_since_acquisition", "percent_disc_last_6_mth", "ratio_rev_rewd_12mth", "per_elec_comm", "avg_order_amt_last_6_mth", "Time_Since_last_Retail_purchase", "num_em_campaign", "disc_ats", "num_units_6mth", "Time_Since_last_Onl_purchase", "ratio_disc_non_disc_ats", "num_disc_comm_responded", "on_sales_rev_ratio_12mth", "time_since_last_disc_purchase", "card_status", "ratio_order_units_6_12_mth", "gp_hit_ind_tot", "clearance_hit_ind_tot", "num_order_num_last_6_mth", "purchased", "br_hit_ind_tot", 
"on_go_net_sales_ratio", "searchdex_ind_tot", "factory_hit_ind_tot")
37000,1,27,0.782756756756757,0.631135135135135,0.706945945945946,0.768712688093493,0.768712683710738,c("Time_since_acquisition", "percent_disc_last_6_mth", "non_disc_ats", "ratio_rev_rewd_12mth", "per_elec_comm", "avg_order_amt_last_6_mth", "Time_Since_last_Retail_purchase", "num_em_campaign", "disc_ats", "num_units_6mth", "Time_Since_last_Onl_purchase", "ratio_disc_non_disc_ats", "num_disc_comm_responded", "on_sales_rev_ratio_12mth", "time_since_last_disc_purchase", "card_status", "ratio_order_units_6_12_mth", "gp_hit_ind_tot", "on_gp_net_sales_ratio", "clearance_hit_ind_tot", "num_order_num_last_6_mth", 
"purchased", "br_hit_ind_tot", "on_go_net_sales_ratio", "on_br_sales_ratio", "factory_hit_ind_tot")
37000,2,23,0.779837837837838,0.63772972972973,0.708783783783784,0.772323725346972,0.772323716581446,c("Time_since_acquisition", "percent_disc_last_6_mth", "non_disc_ats", "ratio_rev_rewd_12mth", "per_elec_comm", "avg_order_amt_last_6_mth", "Time_Since_last_Retail_purchase", "num_em_campaign", "disc_ats", "num_units_6mth", "Time_Since_last_Onl_purchase", "ratio_disc_non_disc_ats", "num_disc_comm_responded", "on_sales_rev_ratio_12mth", "time_since_last_disc_purchase", "card_status", "ratio_order_units_6_12_mth", "gp_hit_ind_tot", "clearance_hit_ind_tot", "purchased", "br_hit_ind_tot", "on_br_sales_ratio"
)
37000,3,25,0.772648648648649,0.639351351351351,0.706,0.770484118334541,0.77048411395179,c("Time_since_acquisition", "percent_disc_last_6_mth", "non_disc_ats", "ratio_rev_rewd_12mth", "per_elec_comm", "avg_order_amt_last_6_mth", "Time_Since_last_Retail_purchase", "num_em_campaign", "disc_ats", "num_units_6mth", "ratio_order_6_12_mth", "Time_Since_last_Onl_purchase", "ratio_disc_non_disc_ats", "num_disc_comm_responded", "on_sales_rev_ratio_12mth", "time_since_last_disc_purchase", "card_status", "ratio_order_units_6_12_mth", "gp_hit_ind_tot", "clearance_hit_ind_tot", "num_order_num_last_6_mth", 
"purchased", "br_hit_ind_tot", "total_plcc_cards")
37000,4,23,0.785459459459459,0.625891891891892,0.705675675675676,0.770306845872901,0.770305864134405,c("Time_since_acquisition", "percent_disc_last_6_mth", "ratio_rev_rewd_12mth", "per_elec_comm", "Time_Since_last_Retail_purchase", "num_em_campaign", "disc_ats", "num_units_6mth", "ratio_order_6_12_mth", "Time_Since_last_Onl_purchase", "ratio_disc_non_disc_ats", "num_disc_comm_responded", "on_sales_rev_ratio_12mth", "on_sales_item_rev_12mth", "time_since_last_disc_purchase", "card_status", "ratio_order_units_6_12_mth", "gp_hit_ind_tot", "clearance_hit_ind_tot", "num_order_num_last_6_mth", "purchased", 
"br_hit_ind_tot")
37000,5,26,0.777297297297297,0.633297297297297,0.705297297297297,0.769649813002189,0.769649376186998,c("Time_since_acquisition", "percent_disc_last_6_mth", "ratio_rev_rewd_12mth", "per_elec_comm", "Time_Since_last_Retail_purchase", "num_em_campaign", "disc_ats", "num_units_6mth", "ratio_order_6_12_mth", "Time_Since_last_Onl_purchase", "ratio_disc_non_disc_ats", "num_disc_comm_responded", "on_sales_rev_ratio_12mth", "time_since_last_disc_purchase", "card_status", "pct_off_hit_ind_tot", "num_dist_catg_purchased", "ratio_order_units_6_12_mth", "gp_hit_ind_tot", "clearance_hit_ind_tot", "num_order_num_last_6_mth", 
"purchased", "br_hit_ind_tot", "searchdex_ind_tot", "markdown_hit_ind_tot")
38000,1,24,0.777368421052632,0.635631578947368,0.7065,0.769683840720222,0.769681601108033,c("percent_disc_last_6_mth", "ratio_rev_rewd_12mth", "per_elec_comm", "Time_Since_last_Retail_purchase", "num_em_campaign", "disc_ats", "num_units_6mth", "Time_Since_last_Onl_purchase", "ratio_disc_non_disc_ats", "num_disc_comm_responded", "on_sales_rev_ratio_12mth", "ratio_rev_wo_rewd_12mth", "time_since_last_disc_purchase", "card_status", "pct_off_hit_ind_tot", "num_dist_catg_purchased", "ratio_order_units_6_12_mth", "gp_hit_ind_tot", "clearance_hit_ind_tot", "num_order_num_last_6_mth", "purchased", 
"br_hit_ind_tot", "on_bf_net_sales_ratio")
38000,2,25,0.775,0.634157894736842,0.704578947368421,0.769659455678664,0.769659454293629,c("Time_since_acquisition", "percent_disc_last_6_mth", "non_disc_ats", "ratio_rev_rewd_12mth", "per_elec_comm", "avg_order_amt_last_6_mth", "num_em_campaign", "disc_ats", "num_units_6mth", "Time_Since_last_Onl_purchase", "ratio_disc_non_disc_ats", "num_disc_comm_responded", "on_sales_rev_ratio_12mth", "time_since_last_disc_purchase", "card_status", "pct_off_hit_ind_tot", "ratio_order_units_6_12_mth", "gp_hit_ind_tot", "on_gp_net_sales_ratio", "clearance_hit_ind_tot", "num_order_num_last_6_mth", "purchased", 
"br_hit_ind_tot", "at_hit_ind_tot")
38000,3,24,0.779947368421053,0.641421052631579,0.710684210526316,0.77253592243767,0.772534939058172,c("Time_since_acquisition", "percent_disc_last_6_mth", "ratio_rev_rewd_12mth", "per_elec_comm", "avg_order_amt_last_6_mth", "Time_Since_last_Retail_purchase", "num_em_campaign", "num_units_6mth", "ratio_order_6_12_mth", "Time_Since_last_Onl_purchase", "ratio_disc_non_disc_ats", "num_disc_comm_responded", "on_sales_rev_ratio_12mth", "on_sales_item_rev_12mth", "card_status", "pct_off_hit_ind_tot", "ratio_order_units_6_12_mth", "gp_hit_ind_tot", "clearance_hit_ind_tot", "purchased", "br_hit_ind_tot", 
"total_plcc_cards", "on_bf_net_sales_ratio")
38000,4,25,0.781,0.633894736842105,0.707447368421053,0.76866363296399,0.768663628808864,c("Time_since_acquisition", "percent_disc_last_6_mth", "non_disc_ats", "ratio_rev_rewd_12mth", "per_elec_comm", "avg_order_amt_last_6_mth", "Time_Since_last_Retail_purchase", "num_em_campaign", "disc_ats", "ratio_order_6_12_mth", "Time_Since_last_Onl_purchase", "ratio_disc_non_disc_ats", "num_disc_comm_responded", "on_sales_rev_ratio_12mth", "on_sales_item_rev_12mth", "time_since_last_disc_purchase", "card_status", "ratio_order_units_6_12_mth", "gp_hit_ind_tot", "clearance_hit_ind_tot", "purchased", 
"br_hit_ind_tot", "at_hit_ind_tot", "on_bf_net_sales_ratio")
38000,5,25,0.781210526315789,0.641105263157895,0.711157894736842,0.774268811634351,0.7742688033241,c("Time_since_acquisition", "percent_disc_last_6_mth", "non_disc_ats", "ratio_rev_rewd_12mth", "per_elec_comm", "avg_order_amt_last_6_mth", "Time_Since_last_Retail_purchase", "num_em_campaign", "disc_ats", "num_units_6mth", "Time_Since_last_Onl_purchase", "ratio_disc_non_disc_ats", "num_disc_comm_responded", "on_sales_rev_ratio_12mth", "ratio_rev_wo_rewd_12mth", "time_since_last_disc_purchase", "card_status", "pct_off_hit_ind_tot", "ratio_order_units_6_12_mth", "gp_hit_ind_tot", "clearance_hit_ind_tot", 
"purchased", "br_hit_ind_tot", "on_br_sales_ratio")
39000,1,25,0.775897435897436,0.636051282051282,0.705974358974359,0.771101003287305,0.771100097304405,c("Time_since_acquisition", "percent_disc_last_6_mth", "ratio_rev_rewd_12mth", "per_elec_comm", "Time_Since_last_Retail_purchase", "num_em_campaign", "disc_ats", "num_units_6mth", "ratio_order_6_12_mth", "Time_Since_last_Onl_purchase", "ratio_disc_non_disc_ats", "num_disc_comm_responded", "on_sales_rev_ratio_12mth", "on_sales_item_rev_12mth", "card_status", "pct_off_hit_ind_tot", "ratio_order_units_6_12_mth", "gp_hit_ind_tot", "clearance_hit_ind_tot", "num_order_num_last_6_mth", "purchased", "br_hit_ind_tot", 
"on_bf_net_sales_ratio", "searchdex_ind_tot")
39000,2,25,0.778769230769231,0.630358974358974,0.704564102564103,0.768986841551598,0.768986834976989,c("Time_since_acquisition", "percent_disc_last_6_mth", "non_disc_ats", "ratio_rev_rewd_12mth", "per_elec_comm", "avg_order_amt_last_6_mth", "num_em_campaign", "disc_ats", "num_units_6mth", "Time_Since_last_Onl_purchase", "ratio_disc_non_disc_ats", "num_disc_comm_responded", "on_sales_rev_ratio_12mth", "time_since_last_disc_purchase", "card_status", "num_dist_catg_purchased", "ratio_order_units_6_12_mth", "gp_hit_ind_tot", "clearance_hit_ind_tot", "num_order_num_last_6_mth", "purchased", "br_hit_ind_tot", 
"on_go_net_sales_ratio", "total_plcc_cards")
39000,3,21,0.779076923076923,0.62974358974359,0.704410256410256,0.767105267587114,0.767103742274819,c("Time_since_acquisition", "percent_disc_last_6_mth", "ratio_rev_rewd_12mth", "per_elec_comm", "num_em_campaign", "num_units_6mth", "ratio_order_6_12_mth", "Time_Since_last_Onl_purchase", "ratio_disc_non_disc_ats", "num_disc_comm_responded", "on_sales_rev_ratio_12mth", "time_since_last_disc_purchase", "card_status", "ratio_order_units_6_12_mth", "gp_hit_ind_tot", "clearance_hit_ind_tot", "num_order_num_last_6_mth", "purchased", "br_hit_ind_tot", "on_go_net_sales_ratio")
39000,4,26,0.782205128205128,0.638358974358974,0.710282051282051,0.772488856015769,0.772488754766601,c("Time_since_acquisition", "percent_disc_last_6_mth", "non_disc_ats", "ratio_rev_rewd_12mth", "per_elec_comm", "avg_order_amt_last_6_mth", "Time_Since_last_Retail_purchase", "num_em_campaign", "num_units_6mth", "Time_Since_last_Onl_purchase", "ratio_disc_non_disc_ats", "num_disc_comm_responded", "on_sales_rev_ratio_12mth", "time_since_last_disc_purchase", "card_status", "pct_off_hit_ind_tot", "ratio_order_units_6_12_mth", "gp_hit_ind_tot", "on_gp_net_sales_ratio", "clearance_hit_ind_tot", "num_order_num_last_6_mth", 
"purchased", "br_hit_ind_tot", "total_plcc_cards", "markdown_hit_ind_tot")
39000,5,25,0.778051282051282,0.627692307692308,0.702871794871795,0.768343445101905,0.768343442472058,c("Time_since_acquisition", "percent_disc_last_6_mth", "non_disc_ats", "ratio_rev_rewd_12mth", "per_elec_comm", "avg_order_amt_last_6_mth", "Time_Since_last_Retail_purchase", "num_em_campaign", "disc_ats", "num_units_6mth", "ratio_order_6_12_mth", "Time_Since_last_Onl_purchase", "ratio_disc_non_disc_ats", "num_disc_comm_responded", "on_sales_rev_ratio_12mth", "time_since_last_disc_purchase", "card_status", "pct_off_hit_ind_tot", "ratio_order_units_6_12_mth", "gp_hit_ind_tot", "on_gp_net_sales_ratio", 
"clearance_hit_ind_tot", "purchased", "br_hit_ind_tot")
40000,1,26,0.781,0.63255,0.706775,0.768928941249999,0.7689289325,c("Time_since_acquisition", "percent_disc_last_6_mth", "non_disc_ats", "ratio_rev_rewd_12mth", "per_elec_comm", "Time_Since_last_Retail_purchase", "num_em_campaign", "disc_ats", "num_units_6mth", "ratio_order_6_12_mth", "Time_Since_last_Onl_purchase", "num_disc_comm_responded", "on_sales_rev_ratio_12mth", "time_since_last_disc_purchase", "card_status", "pct_off_hit_ind_tot", "ratio_order_units_6_12_mth", "gp_hit_ind_tot", "on_gp_net_sales_ratio", "clearance_hit_ind_tot", "num_order_num_last_6_mth", 
"purchased", "br_hit_ind_tot", "on_br_sales_ratio", "on_bf_net_sales_ratio")
40000,2,27,0.77875,0.63855,0.70865,0.773310525000006,0.7733105175,c("Time_since_acquisition", "percent_disc_last_6_mth", "non_disc_ats", "ratio_rev_rewd_12mth", "per_elec_comm", "avg_order_amt_last_6_mth", "Time_Since_last_Retail_purchase", "num_em_campaign", "disc_ats", "num_units_6mth", "Time_Since_last_Onl_purchase", "ratio_disc_non_disc_ats", "num_disc_comm_responded", "on_sales_rev_ratio_12mth", "ratio_rev_wo_rewd_12mth", "card_status", "pct_off_hit_ind_tot", "ratio_order_units_6_12_mth", "gp_hit_ind_tot", "clearance_hit_ind_tot", "num_order_num_last_6_mth", 
"purchased", "br_hit_ind_tot", "total_plcc_cards", "at_hit_ind_tot", "factory_hit_ind_tot")
40000,3,24,0.78245,0.63265,0.70755,0.771179902500005,0.7711798975,c("Time_since_acquisition", "percent_disc_last_6_mth", "non_disc_ats", "ratio_rev_rewd_12mth", "per_elec_comm", "avg_order_amt_last_6_mth", "Time_Since_last_Retail_purchase", "num_em_campaign", "disc_ats", "num_units_6mth", "Time_Since_last_Onl_purchase", "num_disc_comm_responded", "on_sales_rev_ratio_12mth", "time_since_last_disc_purchase", "card_status", "pct_off_hit_ind_tot", "ratio_order_units_6_12_mth", "gp_hit_ind_tot", "clearance_hit_ind_tot", "purchased", "br_hit_ind_tot", "on_go_net_sales_ratio", 
"on_br_sales_ratio")
40000,4,25,0.7793,0.6283,0.7038,0.76826418,0.7682640975,c("Time_since_acquisition", "percent_disc_last_6_mth", "non_disc_ats", "ratio_rev_rewd_12mth", "per_elec_comm", "Time_Since_last_Retail_purchase", "num_em_campaign", "num_units_6mth", "ratio_order_6_12_mth", "Time_Since_last_Onl_purchase", "ratio_disc_non_disc_ats", "num_disc_comm_responded", "on_sales_rev_ratio_12mth", "time_since_last_disc_purchase", "card_status", "mobile_ind_tot", "pct_off_hit_ind_tot", "ratio_order_units_6_12_mth", "gp_hit_ind_tot", "on_gp_net_sales_ratio", "clearance_hit_ind_tot", 
"num_order_num_last_6_mth", "purchased", "total_plcc_cards")
40000,5,25,0.7808,0.6312,0.706,0.770778617500003,0.770778615,c("Time_since_acquisition", "percent_disc_last_6_mth", "non_disc_ats", "ratio_rev_rewd_12mth", "per_elec_comm", "Time_Since_last_Retail_purchase", "num_em_campaign", "disc_ats", "num_units_6mth", "Time_Since_last_Onl_purchase", "ratio_disc_non_disc_ats", "num_disc_comm_responded", "on_sales_rev_ratio_12mth", "on_sales_item_rev_12mth", "card_status", "pct_off_hit_ind_tot", "ratio_order_units_6_12_mth", "gp_hit_ind_tot", "on_gp_net_sales_ratio", "clearance_hit_ind_tot", "num_order_num_last_6_mth", 
"purchased", "br_hit_ind_tot", "total_plcc_cards")
